reaction_id;subsystem
EX_12ppd_DASH_R_b;NA
EX_12ppd_DASH_S_b;NA
EX_14glucan_b;NA
EX_15dap_b;NA
EX_23camp_b;NA
EX_23ccmp_b;NA
EX_23cgmp_b;NA
EX_23cump_b;NA
EX_23dappa_b;NA
EX_26dap_DASH_M_b;NA
EX_2ddglcn_b;NA
EX_34dhpac_b;NA
EX_3amp_b;NA
EX_3cmp_b;NA
EX_3gmp_b;NA
EX_3hcinnm_b;NA
EX_3hpppn_b;NA
EX_3ump_b;NA
EX_4abut_b;NA
EX_4hba_b;NA
EX_4hoxpacd_b;NA
EX_5dglcn_b;NA
EX_5drib_b;NA
EX_LalaDgluMdapDala_b;NA
EX_LalaDgluMdap_b;NA
EX_aacald_b;NA
EX_ac_b;NA
EX_acac_b;NA
EX_acald_b;NA
EX_acgal1p_b;NA
EX_acgal_b;NA
EX_acgam1p_b;NA
EX_acgam_b;NA
EX_acmana_b;NA
EX_acmum_b;NA
EX_acnam_b;NA
EX_acolipa_b;NA
EX_acser_b;NA
EX_ade_b;NA
EX_adn_b;NA
EX_adocbl_b;NA
EX_ag_b;NA
EX_agm_b;NA
EX_akg_b;NA
EX_ala_DASH_B_b;NA
EX_ala_DASH_D_b;NA
EX_ala_DASH_L_b;NA
EX_alaala_b;NA
EX_all_DASH_D_b;NA
EX_alltn_b;NA
EX_amp_b;NA
EX_anhgm_b;NA
EX_arab_DASH_L_b;NA
EX_arbtn_DASH_fe3_b;NA
EX_arbtn_b;NA
EX_arg_DASH_L_b;NA
EX_ascb_DASH_L_b;NA
EX_asn_DASH_L_b;NA
EX_aso3_b;NA
EX_asp_DASH_L_b;NA
EX_but_b;NA
EX_butso3_b;NA
EX_ca2_b;NA
EX_cbi_b;NA
EX_cbl1_b;NA
EX_cd2_b;NA
EX_cgly_b;NA
EX_chol_b;NA
EX_cit_b;NA
EX_cl_b;NA
EX_cmp_b;NA
EX_co2_b;NA
EX_cobalt2_b;NA
EX_colipa_b;NA
EX_cpgn_DASH_un_b;NA
EX_cpgn_b;NA
EX_crn_b;NA
EX_csn_b;NA
EX_cu2_b;NA
EX_cu_b;NA
EX_cyan_b;NA
EX_cynt_b;NA
EX_cys_DASH_D_b;NA
EX_cys_DASH_L_b;NA
EX_cytd_b;NA
EX_dad_DASH_2_b;NA
EX_damp_b;NA
EX_dca_b;NA
EX_dcmp_b;NA
EX_dcyt_b;NA
EX_ddca_b;NA
EX_dgmp_b;NA
EX_dgsn_b;NA
EX_dha_b;NA
EX_dimp_b;NA
EX_din_b;NA
EX_dms_b;NA
EX_dmso_b;NA
EX_dopa_b;NA
EX_dtmp_b;NA
EX_dump_b;NA
EX_duri_b;NA
EX_eca4colipa_b;NA
EX_enlipa_b;NA
EX_enter_b;NA
EX_etha_b;NA
EX_ethso3_b;NA
EX_etoh_b;NA
EX_f6p_b;NA
EX_fald_b;NA
EX_fe2_b;NA
EX_fe3_b;NA
EX_fe3dcit_b;NA
EX_fe3dhbzs_b;NA
EX_fe3hox_DASH_un_b;NA
EX_fe3hox_b;NA
EX_fecrm_DASH_un_b;NA
EX_fecrm_b;NA
EX_feenter_b;NA
EX_feoxam_DASH_un_b;NA
EX_feoxam_b;NA
EX_for_b;NA
EX_fru_b;NA
EX_frulys_b;NA
EX_fruur_b;NA
EX_fuc_DASH_L_b;NA
EX_fum_b;NA
EX_g1p_b;NA
EX_g3pc_b;NA
EX_g3pe_b;NA
EX_g3pg_b;NA
EX_g3pi_b;NA
EX_g3ps_b;NA
EX_g6p_b;NA
EX_gal1p_b;NA
EX_gal_DASH_bD_b;NA
EX_gal_b;NA
EX_galct_DASH_D_b;NA
EX_galctn_DASH_D_b;NA
EX_galctn_DASH_L_b;NA
EX_galt_b;NA
EX_galur_b;NA
EX_gam6p_b;NA
EX_gam_b;NA
EX_gbbtn_b;NA
EX_gdp_b;NA
EX_glc_DASH_D_b;NA
EX_glcn_b;NA
EX_glcr_b;NA
EX_glcur1p_b;NA
EX_glcur_b;NA
EX_gln_DASH_L_b;NA
EX_glu_DASH_L_b;NA
EX_gly_b;NA
EX_glyald_b;NA
EX_glyb_b;NA
EX_glyc2p_b;NA
EX_glyc3p_b;NA
EX_glyc_DASH_R_b;NA
EX_glyc_b;NA
EX_glyclt_b;NA
EX_gmp_b;NA
EX_gsn_b;NA
EX_gthox_b;NA
EX_gthrd_b;NA
EX_gtp_b;NA
EX_gua_b;NA
EX_h2_b;NA
EX_h2o2_b;NA
EX_h2o_b;NA
EX_h2s_b;NA
EX_h_b;NA
EX_hacolipa_b;NA
EX_halipa_b;NA
EX_hdca_b;NA
EX_hdcea_b;NA
EX_hg2_b;NA
EX_his_DASH_L_b;NA
EX_hmfurn_b;NA
EX_hom_DASH_L_b;NA
EX_hxa_b;NA
EX_hxan_b;NA
EX_idon_DASH_L_b;NA
EX_ile_DASH_L_b;NA
EX_imp_b;NA
EX_indole_b;NA
EX_inost_b;NA
EX_ins_b;NA
EX_isetac_b;NA
EX_k_b;NA
EX_kdo2lipid4_b;NA
EX_lac_DASH_D_b;NA
EX_lac_DASH_L_b;NA
EX_lcts_b;NA
EX_leu_DASH_L_b;NA
EX_lipa_b;NA
EX_lipa_cold_b;NA
EX_lys_DASH_L_b;NA
EX_lyx_DASH_L_b;NA
EX_mal_DASH_D_b;NA
EX_mal_DASH_L_b;NA
EX_malt_b;NA
EX_malthx_b;NA
EX_maltpt_b;NA
EX_malttr_b;NA
EX_maltttr_b;NA
EX_man6p_b;NA
EX_man_b;NA
EX_manglyc_b;NA
EX_melib_b;NA
EX_met_DASH_D_b;NA
EX_met_DASH_L_b;NA
EX_metsox_DASH_R_DASH_L_b;NA
EX_metsox_DASH_S_DASH_L_b;NA
EX_mg2_b;NA
EX_minohp_b;NA
EX_mmet_b;NA
EX_mn2_b;NA
EX_mnl_b;NA
EX_mobd_b;NA
EX_mso3_b;NA
EX_n2o_b;NA
EX_na1_b;NA
EX_nac_b;NA
EX_nh4_b;NA
EX_ni2_b;NA
EX_nmn_b;NA
EX_no2_b;NA
EX_no3_b;NA
EX_no_b;NA
EX_o16a4colipa_b;NA
EX_o2_b;NA
EX_o2s_b;NA
EX_ocdca_b;NA
EX_ocdcea_b;NA
EX_octa_b;NA
EX_orn_b;NA
EX_orot_b;NA
EX_oxam_b;NA
EX_pacald_b;NA
EX_peamn_b;NA
EX_phe_DASH_L_b;NA
EX_pheme_b;NA
EX_pi_b;NA
EX_pnto_DASH_R_b;NA
EX_ppa_b;NA
EX_ppal_b;NA
EX_pppn_b;NA
EX_ppt_b;NA
EX_pro_DASH_L_b;NA
EX_progly_b;NA
EX_psclys_b;NA
EX_pser_DASH_L_b;NA
EX_ptrc_b;NA
EX_pyr_b;NA
EX_r5p_b;NA
EX_rib_DASH_D_b;NA
EX_rmn_b;NA
EX_sbt_DASH_D_b;NA
EX_ser_DASH_D_b;NA
EX_ser_DASH_L_b;NA
EX_skm_b;NA
EX_so2_b;NA
EX_so3_b;NA
EX_so4_b;NA
EX_spmd_b;NA
EX_succ_b;NA
EX_sucr_b;NA
EX_sulfac_b;NA
EX_tartr_DASH_L_b;NA
EX_taur_b;NA
EX_tcynt_b;NA
EX_thm_b;NA
EX_thr_DASH_L_b;NA
EX_thrp_b;NA
EX_thym_b;NA
EX_thymd_b;NA
EX_tma_b;NA
EX_tmao_b;NA
EX_tre_b;NA
EX_trp_DASH_L_b;NA
EX_tsul_b;NA
EX_ttdca_b;NA
EX_ttdcea_b;NA
EX_tungs_b;NA
EX_tym_b;NA
EX_tyr_DASH_L_b;NA
EX_tyrp_b;NA
EX_uacgam_b;NA
EX_udpacgal_b;NA
EX_udpg_b;NA
EX_udpgal_b;NA
EX_udpglcur_b;NA
EX_ump_b;NA
EX_ura_b;NA
EX_urea_b;NA
EX_uri_b;NA
EX_val_DASH_L_b;NA
EX_xan_b;NA
EX_xmp_b;NA
EX_xtsn_b;NA
EX_xyl_DASH_D_b;NA
EX_xylu_DASH_L_b;NA
EX_zn2_b;NA
12DGR120tipp;Transport, Inner Membrane
12DGR140tipp;Transport, Inner Membrane
12DGR141tipp;Transport, Inner Membrane
12DGR160tipp;Transport, Inner Membrane
12DGR161tipp;Transport, Inner Membrane
12DGR180tipp;Transport, Inner Membrane
12DGR181tipp;Transport, Inner Membrane
12PPDRtex;Transport, Outer Membrane Porin
12PPDRtpp;Transport, Inner Membrane
12PPDStex;Transport, Outer Membrane Porin
12PPDStpp;Transport, Inner Membrane
14GLUCANabcpp;Transport, Inner Membrane
14GLUCANtexi;Transport, Outer Membrane
23CAMPtex;Transport, Outer Membrane Porin
23CCMPtex;Transport, Outer Membrane Porin
23CGMPtex;Transport, Outer Membrane Porin
23CUMPtex;Transport, Outer Membrane Porin
23DAPPAt2pp;Transport, Inner Membrane
23DAPPAtex;Transport, Outer Membrane Porin
23PDE2pp;Nucleotide Salvage Pathway
23PDE4pp;Nucleotide Salvage Pathway
23PDE7pp;Nucleotide Salvage Pathway
23PDE9pp;Nucleotide Salvage Pathway
26DAHtex;Transport, Outer Membrane Porin
2AGPA120tipp;Transport, Inner Membrane
2AGPA140tipp;Transport, Inner Membrane
2AGPA141tipp;Transport, Inner Membrane
2AGPA160tipp;Transport, Inner Membrane
2AGPA161tipp;Transport, Inner Membrane
2AGPA180tipp;Transport, Inner Membrane
2AGPA181tipp;Transport, Inner Membrane
2AGPE120tipp;Transport, Inner Membrane
2AGPE140tipp;Transport, Inner Membrane
2AGPE141tipp;Transport, Inner Membrane
2AGPE160tipp;Transport, Inner Membrane
2AGPE161tipp;Transport, Inner Membrane
2AGPE180tipp;Transport, Inner Membrane
2AGPE181tipp;Transport, Inner Membrane
2AGPEAT120;Glycerophospholipid Metabolism
2AGPEAT140;Glycerophospholipid Metabolism
2AGPEAT141;Glycerophospholipid Metabolism
2AGPEAT160;Glycerophospholipid Metabolism
2AGPEAT161;Glycerophospholipid Metabolism
2AGPEAT180;Glycerophospholipid Metabolism
2AGPEAT181;Glycerophospholipid Metabolism
2AGPG120tipp;Transport, Inner Membrane
2AGPG140tipp;Transport, Inner Membrane
2AGPG141tipp;Transport, Inner Membrane
2AGPG160tipp;Transport, Inner Membrane
2AGPG161tipp;Transport, Inner Membrane
2AGPG180tipp;Transport, Inner Membrane
2AGPG181tipp;Transport, Inner Membrane
2AGPGAT120;Glycerophospholipid Metabolism
2AGPGAT140;Glycerophospholipid Metabolism
2AGPGAT141;Glycerophospholipid Metabolism
2AGPGAT160;Glycerophospholipid Metabolism
2AGPGAT161;Glycerophospholipid Metabolism
2AGPGAT180;Glycerophospholipid Metabolism
2AGPGAT181;Glycerophospholipid Metabolism
2DGLCNRx;Alternate Carbon Metabolism
2DGLCNRy;Alternate Carbon Metabolism
2DGULRx;Alternate Carbon Metabolism
2DGULRy;Alternate Carbon Metabolism
2MAHMP;Cofactor and Prosthetic Group Biosynthesis
34dhpactex;Transport, Outer Membrane Porin
3AMPtex;Transport, Outer Membrane Porin
3CMPtex;Transport, Outer Membrane Porin
3GMPtex;Transport, Outer Membrane Porin
3HAD100;Cell Envelope Biosynthesis
3HAD120;Cell Envelope Biosynthesis
3HAD121;Cell Envelope Biosynthesis
3HAD140;Cell Envelope Biosynthesis
3HAD141;Cell Envelope Biosynthesis
3HAD160;Cell Envelope Biosynthesis
3HAD161;Cell Envelope Biosynthesis
3HAD180;Cell Envelope Biosynthesis
3HAD181;Cell Envelope Biosynthesis
3HAD40;Cell Envelope Biosynthesis
3HAD60;Cell Envelope Biosynthesis
3HAD80;Cell Envelope Biosynthesis
3HCINNMH;Alternate Carbon Metabolism
3HPPPNH;Alternate Carbon Metabolism
3KGK;Alternate Carbon Metabolism
3NTD2pp;Nucleotide Salvage Pathway
3NTD4pp;Nucleotide Salvage Pathway
3NTD7pp;Nucleotide Salvage Pathway
3NTD9pp;Nucleotide Salvage Pathway
3OAR100;Cell Envelope Biosynthesis
3OAR120;Cell Envelope Biosynthesis
3OAR121;Cell Envelope Biosynthesis
3OAR140;Cell Envelope Biosynthesis
3OAR141;Cell Envelope Biosynthesis
3OAR160;Cell Envelope Biosynthesis
3OAR161;Cell Envelope Biosynthesis
3OAR180;Cell Envelope Biosynthesis
3OAR181;Cell Envelope Biosynthesis
3OAR40;Cell Envelope Biosynthesis
3OAR60;Cell Envelope Biosynthesis
3OAR80;Cell Envelope Biosynthesis
3OAS100;Cell Envelope Biosynthesis
3OAS120;Cell Envelope Biosynthesis
3OAS121;Cell Envelope Biosynthesis
3OAS140;Cell Envelope Biosynthesis
3OAS141;Cell Envelope Biosynthesis
3OAS160;Cell Envelope Biosynthesis
3OAS161;Cell Envelope Biosynthesis
3OAS180;Cell Envelope Biosynthesis
3OAS181;Cell Envelope Biosynthesis
3OAS60;Cell Envelope Biosynthesis
3OAS80;Cell Envelope Biosynthesis
3PEPTabcpp;Murein Recycling
3PEPTtex;Transport, Outer Membrane Porin
3UMPtex;Transport, Outer Membrane Porin
42A12BOOXpp;Nitrogen Metabolism
4HOXPACDtex;Transport, Outer Membrane Porin
4HTHRS;Cofactor and Prosthetic Group Biosynthesis
4PCP;Murein Recycling
4PCPpp;Murein Recycling
4PEPTabcpp;Murein Recycling
4PEPTtex;Transport, Outer Membrane Porin
5DGLCNR;Alternate Carbon Metabolism
5DGLCNt2rpp;Transport, Inner Membrane
5DGLCNtex;Transport, Outer Membrane Porin
5DOAN;Cofactor and Prosthetic Group Biosynthesis
A5PISO;Alternate Carbon Metabolism
AACPS1;Cell Envelope Biosynthesis
AACPS2;Cell Envelope Biosynthesis
AACPS3;Cell Envelope Biosynthesis
AACPS4;Cell Envelope Biosynthesis
AACPS5;Cell Envelope Biosynthesis
AACPS6;Cell Envelope Biosynthesis
AACPS7;Cell Envelope Biosynthesis
AACPS8;Cell Envelope Biosynthesis
AACPS9;Cell Envelope Biosynthesis
AACTOOR;Methylglyoxal Metabolism
AADDGT;Cell Envelope Biosynthesis
AAMYL;Alternate Carbon Metabolism
AAMYLpp;Alternate Carbon Metabolism
AB6PGH;Alternate Carbon Metabolism
ABTA;Arginine and Proline Metabolism
ABUTD;Arginine and Proline Metabolism
ABUTt2pp;Transport, Inner Membrane
ABUTtex;Transport, Outer Membrane Porin
ACACCT;Alternate Carbon Metabolism
ACACT1r;Membrane Lipid Metabolism
ACACt2pp;Transport, Inner Membrane
ACACtex;Transport, Outer Membrane Porin
ACALD;Pyruvate Metabolism
ACALDtex;Transport, Outer Membrane Porin
ACALDtpp;Transport, Inner Membrane
ACANTHAT;Tyrosine, Tryptophan, and Phenylalanine Metabolism
ACBIPGT;Cofactor and Prosthetic Group Biosynthesis
ACCOAC;Membrane Lipid Metabolism
ACCOAL;Alternate Carbon Metabolism
ACGAL1PPpp;Alternate Carbon Metabolism
ACGAL1Ptex;Transport, Outer Membrane Porin
ACGALtex;Transport, Outer Membrane Porin
ACGAM1PPpp;Alternate Carbon Metabolism
ACGAM1Ptex;Transport, Outer Membrane Porin
ACGAMK;Murein Recycling
ACGAMT;Cell Envelope Biosynthesis
ACGAptspp;Transport, Inner Membrane
ACGAtex;Transport, Outer Membrane Porin
ACGK;Arginine and Proline Metabolism
ACGS;Arginine and Proline Metabolism
ACHBS;Valine, Leucine, and Isoleucine Metabolism
ACKr;Pyruvate Metabolism
ACLS;Valine, Leucine, and Isoleucine Metabolism
ACM6PH;Alternate Carbon Metabolism
ACMAMUT;Cell Envelope Biosynthesis
ACMANAptspp;Transport, Inner Membrane
ACMANAtex;Transport, Outer Membrane Porin
ACMUMptspp;Transport, Inner Membrane
ACMUMtex;Transport, Outer Membrane Porin
ACNAMt2pp;Transport, Inner Membrane
ACNAMtex;Transport, Outer Membrane
ACNML;Alternate Carbon Metabolism
ACOAD1f;Membrane Lipid Metabolism
ACOAD2f;Membrane Lipid Metabolism
ACOAD3f;Membrane Lipid Metabolism
ACOAD4f;Membrane Lipid Metabolism
ACOAD5f;Membrane Lipid Metabolism
ACOAD6f;Membrane Lipid Metabolism
ACOAD7f;Membrane Lipid Metabolism
ACOAD8f;Membrane Lipid Metabolism
ACOATA;Membrane Lipid Metabolism
ACODA;Arginine and Proline Metabolism
ACOLIPAtex;Lipopolysaccharide Biosynthesis / Recycling
ACONIs;Unassigned
ACONMT;Unassigned
ACONTa;Citric Acid Cycle
ACONTb;Citric Acid Cycle
ACOTA;Arginine and Proline Metabolism
ACPS1;Cofactor and Prosthetic Group Biosynthesis
ACS;Pyruvate Metabolism
ACSERtex;Transport, Outer Membrane Porin
ACSERtpp;Transport, Inner Membrane
ACt2rpp;Transport, Inner Membrane
ACt4pp;Transport, Inner Membrane
ACtex;Transport, Outer Membrane Porin
ADA;Nucleotide Salvage Pathway
ADCL;Cofactor and Prosthetic Group Biosynthesis
ADCS;Cofactor and Prosthetic Group Biosynthesis
ADD;Nucleotide Salvage Pathway
ADEt2rpp;Transport, Inner Membrane
ADEtex;Transport, Outer Membrane Porin
ADK1;Nucleotide Salvage Pathway
ADK3;Nucleotide Salvage Pathway
ADK4;Nucleotide Salvage Pathway
ADMDC;Arginine and Proline Metabolism
ADNCYC;Nucleotide Salvage Pathway
ADNK1;Nucleotide Salvage Pathway
ADNUC;Alternate Carbon Metabolism
ADNt2pp;Transport, Inner Membrane
ADNt2rpp;Transport, Inner Membrane
ADNtex;Transport, Outer Membrane
ADOCBIK;Cofactor and Prosthetic Group Biosynthesis
ADOCBLS;Cofactor and Prosthetic Group Biosynthesis
ADOCBLabcpp;Transport, Inner Membrane
ADOCBLtonex;Transport, Outer Membrane
ADPRDP;Nucleotide Salvage Pathway
ADPT;Nucleotide Salvage Pathway
ADSK;Cysteine Metabolism
ADSL1r;Purine and Pyrimidine Biosynthesis
ADSL2r;Purine and Pyrimidine Biosynthesis
ADSS;Purine and Pyrimidine Biosynthesis
AGDC;Alternate Carbon Metabolism
AGM3PA;Murein Recycling
AGM3PApp;Murein Recycling
AGM3PH;Murein Recycling
AGM3Pt2pp;Murein Recycling
AGM4PA;Murein Recycling
AGM4PApp;Murein Recycling
AGM4PCP;Murein Recycling
AGM4PCPpp;Murein Recycling
AGM4PH;Murein Recycling
AGM4Pt2pp;Murein Recycling
AGMH;Murein Recycling
AGMHE;Lipopolysaccharide Biosynthesis / Recycling
AGMT;Arginine and Proline Metabolism
AGMt2pp;Murein Recycling
AGMtex;Transport, Outer Membrane Porin
AGPAT120;Glycerophospholipid Metabolism
AGPAT140;Glycerophospholipid Metabolism
AGPAT141;Glycerophospholipid Metabolism
AGPAT160;Glycerophospholipid Metabolism
AGPAT161;Glycerophospholipid Metabolism
AGPAT180;Glycerophospholipid Metabolism
AGPAT181;Glycerophospholipid Metabolism
AGPR;Arginine and Proline Metabolism
AGt3;Inorganic Ion Transport and Metabolism
AHCYSNS;Methionine Metabolism
AICART;Purine and Pyrimidine Biosynthesis
AIRC2;Purine and Pyrimidine Biosynthesis
AIRC3;Purine and Pyrimidine Biosynthesis
AKGDH;Citric Acid Cycle
AKGt2rpp;Transport, Inner Membrane
AKGtex;Transport, Outer Membrane Porin
ALAALAD;Murein Recycling
ALAALAabcpp;Transport, Inner Membrane
ALAALAr;Cell Envelope Biosynthesis
ALAALAtex;Transport, Outer Membrane Porin
ALAGLUE;Murein Recycling
ALAR;Alanine and Aspartate Metabolism
ALATA_D2;Cofactor and Prosthetic Group Biosynthesis
ALATA_L;Alanine and Aspartate Metabolism
ALATA_L2;Cofactor and Prosthetic Group Biosynthesis
ALATRS;tRNA Charging
ALAabcpp;Transport, Inner Membrane
ALAt2pp;Transport, Inner Membrane
ALAt4pp;Transport, Inner Membrane
ALAtex;Transport, Outer Membrane Porin
ALCD19;Alternate Carbon Metabolism
ALCD2x;Pyruvate Metabolism
ALDD19x;Alternate Carbon Metabolism
ALDD2x;Alternate Carbon Metabolism
ALDD2y;Alternate Carbon Metabolism
ALDD3y;Alternate Carbon Metabolism
ALDD4;Alternate Carbon Metabolism
ALLK;Alternate Carbon Metabolism
ALLPI;Alternate Carbon Metabolism
ALLTAMH;Alternate Carbon Metabolism
ALLTN;Nitrogen Metabolism
ALLTNt2rpp;Transport, Inner Membrane
ALLTNtex;Transport, Outer Membrane Porin
ALLULPE;Alternate Carbon Metabolism
ALLabcpp;Transport, Inner Membrane
ALLtex;Transport, Outer Membrane Porin
ALPATE160pp;Unassigned
ALPATG160pp;Unassigned
ALR2;Methylglyoxal Metabolism
ALR4x;Glycerophospholipid Metabolism
ALTRH;Alternate Carbon Metabolism
AM3PA;Murein Recycling
AM4PA;Murein Recycling
AM4PCP;Murein Recycling
AMALT1;Alternate Carbon Metabolism
AMALT2;Alternate Carbon Metabolism
AMALT3;Alternate Carbon Metabolism
AMALT4;Alternate Carbon Metabolism
AMANAPEr;Alternate Carbon Metabolism
AMANK;Alternate Carbon Metabolism
AMAOTr;Cofactor and Prosthetic Group Biosynthesis
AMMQLT8;Cofactor and Prosthetic Group Biosynthesis
AMPMS2;Cofactor and Prosthetic Group Biosynthesis
AMPN;Nucleotide Salvage Pathway
AMPTASECG;Cysteine Metabolism
AMPTASEPG;Arginine and Proline Metabolism
AMPtex;Transport, Outer Membrane Porin
ANHGMtex;Transport, Outer Membrane Porin
ANHMK;Murein Recycling
ANPRT;Tyrosine, Tryptophan, and Phenylalanine Metabolism
ANS;Tyrosine, Tryptophan, and Phenylalanine Metabolism
AOBUTDs;Threonine and Lysine Metabolism
AOXSr;Cofactor and Prosthetic Group Biosynthesis
AP4AH;Nucleotide Salvage Pathway
AP5AH;Nucleotide Salvage Pathway
APRAUR;Cofactor and Prosthetic Group Biosynthesis
ARAI;Alternate Carbon Metabolism
ARBTNR1;Inorganic Ion Transport and Metabolism
ARBTNR2;Inorganic Ion Transport and Metabolism
ARBTNR3;Inorganic Ion Transport and Metabolism
ARBTNabcpp;Transport, Inner Membrane
ARBTNexs;Inorganic Ion Transport and Metabolism
ARBTNtex;Transport, Outer Membrane
ARBTNtonex;Transport, Outer Membrane
ARBTNtpp;Inorganic Ion Transport and Metabolism
ARBabcpp;Transport, Inner Membrane
ARBt2rpp;Transport, Inner Membrane
ARBt3ipp;Transport, Inner Membrane
ARBtex;Transport, Outer Membrane Porin
ARGAGMt7pp;Transport, Inner Membrane
ARGDC;Arginine and Proline Metabolism
ARGDCpp;Arginine and Proline Metabolism
ARGORNt7pp;Transport, Inner Membrane
ARGSL;Arginine and Proline Metabolism
ARGSS;Arginine and Proline Metabolism
ARGTRS;tRNA Charging
ARGabcpp;Transport, Inner Membrane
ARGt3pp;Transport, Inner Membrane
ARGtex;Transport, Outer Membrane Porin
ASAD;Threonine and Lysine Metabolism
ASCBPL;Alternate Carbon Metabolism
ASCBptspp;Transport, Inner Membrane
ASCBtex;Transport, Outer Membrane Porin
ASNN;Alanine and Aspartate Metabolism
ASNNpp;Alanine and Aspartate Metabolism
ASNS1;Alanine and Aspartate Metabolism
ASNS2;Alanine and Aspartate Metabolism
ASNTRS;tRNA Charging
ASNabcpp;Transport, Inner Membrane
ASNt2rpp;Transport, Inner Membrane
ASNtex;Transport, Outer Membrane Porin
ASO3t8pp;Transport, Inner Membrane
ASO3tex;Transport, Outer Membrane Porin
ASP1DC;Cofactor and Prosthetic Group Biosynthesis
ASPCT;Purine and Pyrimidine Biosynthesis
ASPK;Threonine and Lysine Metabolism
ASPO3;Cofactor and Prosthetic Group Biosynthesis
ASPO4;Cofactor and Prosthetic Group Biosynthesis
ASPO5;Cofactor and Prosthetic Group Biosynthesis
ASPO6;Cofactor and Prosthetic Group Biosynthesis
ASPT;Alanine and Aspartate Metabolism
ASPTA;Alanine and Aspartate Metabolism
ASPTRS;tRNA Charging
ASPabcpp;Transport, Inner Membrane
ASPt2_2pp;Transport, Inner Membrane
ASPt2_3pp;Transport, Inner Membrane
ASPt2pp;Transport, Inner Membrane
ASPtex;Transport, Outer Membrane Porin
ASR;Inorganic Ion Transport and Metabolism
AST;Arginine and Proline Metabolism
ATHRDHr;Threonine and Lysine Metabolism
ATPHs;Nucleotide Salvage Pathway
ATPM;Unassigned
ATPPRT;Histidine Metabolism
ATPS4rpp;Oxidative Phosphorylation
BALAt2pp;Transport, Inner Membrane
BALAtex;Transport, Outer Membrane Porin
BETALDHx;Unassigned
BETALDHy;Unassigned
BPNT;Cysteine Metabolism
BSORx;Cofactor and Prosthetic Group Biosynthesis
BSORy;Cofactor and Prosthetic Group Biosynthesis
BTS4;Cofactor and Prosthetic Group Biosynthesis
BUTCT;Alternate Carbon Metabolism
BUTSO3abcpp;Transport, Inner Membrane
BUTSO3tex;Transport, Outer Membrane Porin
BUTt2rpp;Transport, Inner Membrane
BUTtex;Transport, Outer Membrane Porin
CA2t3pp;Inorganic Ion Transport and Metabolism
CA2tex;Transport, Outer Membrane Porin
CADVtpp;Transport, Inner Membrane
CAT;Unassigned
CAt6pp;Inorganic Ion Transport and Metabolism
CBIAT;Cofactor and Prosthetic Group Biosynthesis
CBItonex;Transport, Outer Membrane
CBIuabcpp;Transport, Inner Membrane
CBL1abcpp;Transport, Inner Membrane
CBL1tonex;Transport, Outer Membrane
CBLAT;Cofactor and Prosthetic Group Biosynthesis
CBMKr;Unassigned
CBPS;Arginine and Proline Metabolism
CD2abcpp;Inorganic Ion Transport and Metabolism
CD2t3pp;Inorganic Ion Transport and Metabolism
CD2tex;Transport, Outer Membrane Porin
CD2tpp;Inorganic Ion Transport and Metabolism
CDAPPA120;Glycerophospholipid Metabolism
CDAPPA140;Glycerophospholipid Metabolism
CDAPPA141;Glycerophospholipid Metabolism
CDAPPA160;Glycerophospholipid Metabolism
CDAPPA161;Glycerophospholipid Metabolism
CDAPPA180;Glycerophospholipid Metabolism
CDAPPA181;Glycerophospholipid Metabolism
CDPMEK;Cofactor and Prosthetic Group Biosynthesis
CFAS160E;Glycerophospholipid Metabolism
CFAS160G;Glycerophospholipid Metabolism
CFAS180E;Glycerophospholipid Metabolism
CFAS180G;Glycerophospholipid Metabolism
CGLYabcpp;Transport, Inner Membrane
CGLYtex;Transport, Outer Membrane Porin
CHLabcpp;Transport, Inner Membrane
CHLt2pp;Transport, Inner Membrane
CHLtex;Transport, Outer Membrane Porin
CHORM;Tyrosine, Tryptophan, and Phenylalanine Metabolism
CHORS;Tyrosine, Tryptophan, and Phenylalanine Metabolism
CHRPL;Cofactor and Prosthetic Group Biosynthesis
CINNDO;Alternate Carbon Metabolism
CITL;Citric Acid Cycle
CITt7pp;Transport, Inner Membrane
CITtex;Transport, Outer Membrane Porin
CLIPAtex;Lipopolysaccharide Biosynthesis / Recycling
CLPNH120pp;Glycerophospholipid Metabolism
CLPNH140pp;Glycerophospholipid Metabolism
CLPNH141pp;Glycerophospholipid Metabolism
CLPNH160pp;Glycerophospholipid Metabolism
CLPNH161pp;Glycerophospholipid Metabolism
CLPNH180pp;Glycerophospholipid Metabolism
CLPNH181pp;Glycerophospholipid Metabolism
CLPNS120pp;Glycerophospholipid Metabolism
CLPNS140pp;Glycerophospholipid Metabolism
CLPNS141pp;Glycerophospholipid Metabolism
CLPNS160pp;Glycerophospholipid Metabolism
CLPNS161pp;Glycerophospholipid Metabolism
CLPNS180pp;Glycerophospholipid Metabolism
CLPNS181pp;Glycerophospholipid Metabolism
CLt3_2pp;Inorganic Ion Transport and Metabolism
CLtex;Transport, Outer Membrane Porin
CMPN;Nucleotide Salvage Pathway
CMPtex;Transport, Outer Membrane Porin
CO2tex;Transport, Outer Membrane Porin
CO2tpp;Transport, Inner Membrane
COBALT2abcpp;Inorganic Ion Transport and Metabolism
COBALT2t3pp;Inorganic Ion Transport and Metabolism
COBALT2tex;Transport, Outer Membrane Porin
COBALT2tpp;Inorganic Ion Transport and Metabolism
COLIPAabcpp;Lipopolysaccharide Biosynthesis / Recycling
COLIPAtex;Lipopolysaccharide Biosynthesis / Recycling
CPGNR1;Inorganic Ion Transport and Metabolism
CPGNR2;Inorganic Ion Transport and Metabolism
CPGNR3;Inorganic Ion Transport and Metabolism
CPGNUtex;Inorganic Ion Transport and Metabolism
CPGNUtpp;Inorganic Ion Transport and Metabolism
CPGNabcpp;Transport, Inner Membrane
CPGNexs;Inorganic Ion Transport and Metabolism
CPGNtonex;Transport, Outer Membrane
CPPPGO;Cofactor and Prosthetic Group Biosynthesis
CPPPGO2;Cofactor and Prosthetic Group Biosynthesis
CRNBTCT;Oxidative Phosphorylation
CRNCAL2;Oxidative Phosphorylation
CRNCAR;Oxidative Phosphorylation
CRNCBCT;Oxidative Phosphorylation
CRNCDH;Oxidative Phosphorylation
CRNDCAL2;Oxidative Phosphorylation
CRNDabcpp;Transport, Inner Membrane
CRNDt2rpp;Transport, Inner Membrane
CRNabcpp;Transport, Inner Membrane
CRNt2rpp;Transport, Inner Membrane
CRNt7pp;Transport, Inner Membrane
CRNt8pp;Transport, Inner Membrane
CRNtex;Transport, Outer Membrane Porin
CS;Citric Acid Cycle
CSND;Nucleotide Salvage Pathway
CSNt2pp;Transport, Inner Membrane
CSNtex;Transport, Outer Membrane Porin
CTBTCAL2;Oxidative Phosphorylation
CTBTabcpp;Transport, Inner Membrane
CTBTt2rpp;Transport, Inner Membrane
CTPS2;Purine and Pyrimidine Biosynthesis
CU1Opp;Inorganic Ion Transport and Metabolism
CU1abcpp;Inorganic Ion Transport and Metabolism
CU2abcpp;Inorganic Ion Transport and Metabolism
CU2tex;Transport, Outer Membrane Porin
CU2tpp;Inorganic Ion Transport and Metabolism
CUt3;Transport, Outer Membrane
CUtex;Transport, Outer Membrane Porin
CYANST;Unassigned
CYANSTpp;Inorganic Ion Transport and Metabolism
CYANtex;Transport, Outer Membrane Porin
CYNTAH;Nitrogen Metabolism
CYNTt2pp;Transport, Inner Membrane
CYNTtex;Transport, Outer Membrane Porin
CYSDDS;Cysteine Metabolism
CYSDS;Cysteine Metabolism
CYSDabcpp;Transport, Inner Membrane
CYSDtex;Transport, Outer Membrane Porin
CYSS;Cysteine Metabolism
CYSSADS;Cysteine Metabolism
CYSTL;Methionine Metabolism
CYSTRS;tRNA Charging
CYSabc2pp;Transport, Inner Membrane
CYSabcpp;Transport, Inner Membrane
CYStex;Transport, Outer Membrane Porin
CYStpp;Transport, Inner Membrane
CYTBD2pp;Oxidative Phosphorylation
CYTBDpp;Oxidative Phosphorylation
CYTBO3_4pp;Oxidative Phosphorylation
CYTD;Nucleotide Salvage Pathway
CYTDH;Alternate Carbon Metabolism
CYTDK2;Nucleotide Salvage Pathway
CYTDt2pp;Transport, Inner Membrane
CYTDt2rpp;Transport, Inner Membrane
CYTDtex;Transport, Outer Membrane Porin
CYTK1;Nucleotide Salvage Pathway
CYTK2;Nucleotide Salvage Pathway
DAAD;Alanine and Aspartate Metabolism
DADA;Nucleotide Salvage Pathway
DADK;Nucleotide Salvage Pathway
DADNt2pp;Transport, Inner Membrane
DADNtex;Transport, Outer Membrane
DAGK120;Glycerophospholipid Metabolism
DAGK140;Glycerophospholipid Metabolism
DAGK141;Glycerophospholipid Metabolism
DAGK160;Glycerophospholipid Metabolism
DAGK161;Glycerophospholipid Metabolism
DAGK180;Glycerophospholipid Metabolism
DAGK181;Glycerophospholipid Metabolism
DALAt2pp;Transport, Inner Membrane
DALAtex;Transport, Outer Membrane Porin
DAMPtex;Transport, Outer Membrane Porin
DAPAL;Alternate Carbon Metabolism
DAPDC;Threonine and Lysine Metabolism
DAPE;Threonine and Lysine Metabolism
DAPabcpp;Transport, Inner Membrane
DAPtex;Transport, Outer Membrane Porin
DASYN120;Glycerophospholipid Metabolism
DASYN140;Glycerophospholipid Metabolism
DASYN141;Glycerophospholipid Metabolism
DASYN160;Glycerophospholipid Metabolism
DASYN161;Glycerophospholipid Metabolism
DASYN180;Glycerophospholipid Metabolism
DASYN181;Glycerophospholipid Metabolism
DATPHs;Nucleotide Salvage Pathway
DB4PS;Cofactor and Prosthetic Group Biosynthesis
DBTS;Cofactor and Prosthetic Group Biosynthesis
DCAtex;Transport, Outer Membrane Porin
DCMPtex;Transport, Outer Membrane Porin
DCTPD;Nucleotide Salvage Pathway
DCYTD;Nucleotide Salvage Pathway
DCYTt2pp;Transport, Inner Membrane
DCYTtex;Transport, Outer Membrane
DDCAtexi;Transport, Outer Membrane
DDGALK;Alternate Carbon Metabolism
DDGLCNt2rpp;Transport, Inner Membrane
DDGLCNtex;Transport, Outer Membrane Porin
DDGLK;Alternate Carbon Metabolism
DDPA;Tyrosine, Tryptophan, and Phenylalanine Metabolism
DDPGALA;Alternate Carbon Metabolism
DGK1;Nucleotide Salvage Pathway
DGMPtex;Transport, Outer Membrane Porin
DGSNt2pp;Transport, Inner Membrane
DGSNtex;Transport, Outer Membrane Porin
DHAD1;Valine, Leucine, and Isoleucine Metabolism
DHAD2;Valine, Leucine, and Isoleucine Metabolism
DHAPT;Alternate Carbon Metabolism
DHAtex;Transport, Outer Membrane Porin
DHAtpp;Transport, Inner Membrane
DHBD;Cofactor and Prosthetic Group Biosynthesis
DHBS;Cofactor and Prosthetic Group Biosynthesis
DHBSH;Cofactor and Prosthetic Group Biosynthesis
DHCIND;Alternate Carbon Metabolism
DHCINDO;Alternate Carbon Metabolism
DHDPRy;Threonine and Lysine Metabolism
DHDPS;Threonine and Lysine Metabolism
DHFR;Cofactor and Prosthetic Group Biosynthesis
DHFS;Cofactor and Prosthetic Group Biosynthesis
DHNAOT4;Cofactor and Prosthetic Group Biosynthesis
DHNPA2;Cofactor and Prosthetic Group Biosynthesis
DHORD2;Purine and Pyrimidine Biosynthesis
DHORD5;Purine and Pyrimidine Biosynthesis
DHORTS;Purine and Pyrimidine Biosynthesis
DHPPD;Alternate Carbon Metabolism
DHPPDA2;Cofactor and Prosthetic Group Biosynthesis
DHPS2;Cofactor and Prosthetic Group Biosynthesis
DHPTDCs;Methionine Metabolism
DHPTPE;Cofactor and Prosthetic Group Biosynthesis
DHQS;Tyrosine, Tryptophan, and Phenylalanine Metabolism
DHQTi;Tyrosine, Tryptophan, and Phenylalanine Metabolism
DIMPtex;Transport, Outer Membrane Porin
DINSt2pp;Transport, Inner Membrane
DINStex;Transport, Outer Membrane Porin
DKGLCNR1;Alternate Carbon Metabolism
DKGLCNR2x;Alternate Carbon Metabolism
DKGLCNR2y;Alternate Carbon Metabolism
DKMPPD;Arginine and Proline Metabolism
DKMPPD3;Arginine and Proline Metabolism
DMATT;Cofactor and Prosthetic Group Biosynthesis
DMPPS;Cofactor and Prosthetic Group Biosynthesis
DMQMT;Cofactor and Prosthetic Group Biosynthesis
DMSOR1;Oxidative Phosphorylation
DMSOR1pp;Oxidative Phosphorylation
DMSOR2;Oxidative Phosphorylation
DMSOR2pp;Oxidative Phosphorylation
DMSOtex;Transport, Outer Membrane Porin
DMStex;Transport, Outer Membrane Porin
DM_4HBA;NA
DM_5DRIB;NA
DM_AACALD;NA
DM_HMFURN;NA
DM_OXAM;NA
DNMPPA;Cofactor and Prosthetic Group Biosynthesis
DNTPPA;Cofactor and Prosthetic Group Biosynthesis
DOGULNR;Alternate Carbon Metabolism
DOPAtex;Transport, Outer Membrane Porin
DPCOAK;Cofactor and Prosthetic Group Biosynthesis
DPR;Cofactor and Prosthetic Group Biosynthesis
DRPA;Alternate Carbon Metabolism
DSBAO1;Unassigned
DSBAO2;Unassigned
DSBCGT;Unassigned
DSBDR;Unassigned
DSBGGT;Unassigned
DSERDHr;Glycine and Serine Metabolism
DSERt2pp;Transport, Inner Membrane
DSERtex;Transport, Outer Membrane Porin
DTMPK;Nucleotide Salvage Pathway
DTMPtex;Transport, Outer Membrane Porin
DUMPtex;Transport, Outer Membrane Porin
DURIK1;Nucleotide Salvage Pathway
DURIPP;Nucleotide Salvage Pathway
DURIt2pp;Transport, Inner Membrane
DURItex;Transport, Outer Membrane
DUTPDP;Nucleotide Salvage Pathway
DXPRIi;Cofactor and Prosthetic Group Biosynthesis
DXPS;Cofactor and Prosthetic Group Biosynthesis
DXYLK;Cofactor and Prosthetic Group Biosynthesis
D_LACt2pp;Transport, Inner Membrane
D_LACtex;Transport, Outer Membrane Porin
E4PD;Cofactor and Prosthetic Group Biosynthesis
EAR100x;Cell Envelope Biosynthesis
EAR100y;Cell Envelope Biosynthesis
EAR120x;Cell Envelope Biosynthesis
EAR120y;Cell Envelope Biosynthesis
EAR121x;Cell Envelope Biosynthesis
EAR121y;Cell Envelope Biosynthesis
EAR140x;Cell Envelope Biosynthesis
EAR140y;Cell Envelope Biosynthesis
EAR141x;Cell Envelope Biosynthesis
EAR141y;Cell Envelope Biosynthesis
EAR160x;Cell Envelope Biosynthesis
EAR160y;Cell Envelope Biosynthesis
EAR161x;Cell Envelope Biosynthesis
EAR161y;Cell Envelope Biosynthesis
EAR180x;Cell Envelope Biosynthesis
EAR180y;Cell Envelope Biosynthesis
EAR181x;Cell Envelope Biosynthesis
EAR181y;Cell Envelope Biosynthesis
EAR40x;Cell Envelope Biosynthesis
EAR40y;Cell Envelope Biosynthesis
EAR60x;Cell Envelope Biosynthesis
EAR60y;Cell Envelope Biosynthesis
EAR80x;Cell Envelope Biosynthesis
EAR80y;Cell Envelope Biosynthesis
ECA4COLIPAtex;Lipopolysaccharide Biosynthesis / Recycling
ECA4OALpp;Lipopolysaccharide Biosynthesis / Recycling
ECAP1pp;Lipopolysaccharide Biosynthesis / Recycling
ECAP2pp;Lipopolysaccharide Biosynthesis / Recycling
ECAP3pp;Lipopolysaccharide Biosynthesis / Recycling
ECAtpp;Lipopolysaccharide Biosynthesis / Recycling
ECOAH1;Membrane Lipid Metabolism
ECOAH2;Membrane Lipid Metabolism
ECOAH3;Membrane Lipid Metabolism
ECOAH4;Membrane Lipid Metabolism
ECOAH5;Membrane Lipid Metabolism
ECOAH6;Membrane Lipid Metabolism
ECOAH7;Membrane Lipid Metabolism
ECOAH8;Membrane Lipid Metabolism
EDA;Pentose Phosphate Pathway
EDD;Pentose Phosphate Pathway
EDTXS1;Lipopolysaccharide Biosynthesis / Recycling
EDTXS2;Lipopolysaccharide Biosynthesis / Recycling
EDTXS3;Lipopolysaccharide Biosynthesis / Recycling
EDTXS4;Lipopolysaccharide Biosynthesis / Recycling
ENLIPAtex;Lipopolysaccharide Biosynthesis / Recycling
ENO;Glycolysis/Gluconeogenesis
ENTCS;Cofactor and Prosthetic Group Biosynthesis
ENTERES;Inorganic Ion Transport and Metabolism
ENTERES2;Inorganic Ion Transport and Metabolism
ETHAAL;Cell Envelope Biosynthesis
ETHAt2pp;Transport, Inner Membrane
ETHAtex;Transport, Outer Membrane Porin
ETHSO3abcpp;Transport, Inner Membrane
ETHSO3tex;Transport, Outer Membrane Porin
ETOHt2rpp;Transport, Inner Membrane
ETOHtex;Transport, Outer Membrane Porin
EX_12ppd_R;NA
EX_12ppd_S;NA
EX_14glucan;NA
EX_15dap;NA
EX_23camp;NA
EX_23ccmp;NA
EX_23cgmp;NA
EX_23cump;NA
EX_23dappa;NA
EX_26dap_M;NA
EX_2ddglcn;NA
EX_34dhpac;NA
EX_3amp;NA
EX_3cmp;NA
EX_3gmp;NA
EX_3hcinnm;NA
EX_3hpppn;NA
EX_3ump;NA
EX_4abut;NA
EX_4hoxpacd;NA
EX_5dglcn;NA
EX_LalaDgluMdapDala;NA
EX_LalaDgluMdap;NA
EX_ac;NA
EX_acac;NA
EX_acald;NA
EX_acgal1p;NA
EX_acgal;NA
EX_acgam1p;NA
EX_acgam;NA
EX_acmana;NA
EX_acmum;NA
EX_acnam;NA
EX_acolipa;NA
EX_acser;NA
EX_ade;NA
EX_adn;NA
EX_adocbl;NA
EX_ag;NA
EX_agm;NA
EX_akg;NA
EX_ala_B;NA
EX_ala_D;NA
EX_ala_L;NA
EX_alaala;NA
EX_all_D;NA
EX_alltn;NA
EX_amp;NA
EX_anhgm;NA
EX_arab_L;NA
EX_arbtn;NA
EX_arbtn_fe3;NA
EX_arg_L;NA
EX_ascb_L;NA
EX_asn_L;NA
EX_aso3;NA
EX_asp_L;NA
EX_but;NA
EX_butso3;NA
EX_ca2;NA
EX_cbi;NA
EX_cbl1;NA
EX_cd2;NA
EX_cgly;NA
EX_chol;NA
EX_cit;NA
EX_cl;NA
EX_cmp;NA
EX_co2;NA
EX_cobalt2;NA
EX_colipa;NA
EX_cpgn;NA
EX_cpgn_un;NA
EX_crn;NA
EX_csn;NA
EX_cu2;NA
EX_cu;NA
EX_cyan;NA
EX_cynt;NA
EX_cys_D;NA
EX_cys_L;NA
EX_cytd;NA
EX_dad_2;NA
EX_damp;NA
EX_dca;NA
EX_dcmp;NA
EX_dcyt;NA
EX_ddca;NA
EX_dgmp;NA
EX_dgsn;NA
EX_dha;NA
EX_dimp;NA
EX_din;NA
EX_dms;NA
EX_dmso;NA
EX_dopa;NA
EX_dtmp;NA
EX_dump;NA
EX_duri;NA
EX_eca4colipa;NA
EX_enlipa;NA
EX_enter;NA
EX_etha;NA
EX_ethso3;NA
EX_etoh;NA
EX_f6p;NA
EX_fald;NA
EX_fe2;NA
EX_fe3;NA
EX_fe3dcit;NA
EX_fe3dhbzs;NA
EX_fe3hox;NA
EX_fe3hox_un;NA
EX_fecrm;NA
EX_fecrm_un;NA
EX_feenter;NA
EX_feoxam;NA
EX_feoxam_un;NA
EX_for;NA
EX_fru;NA
EX_frulys;NA
EX_fruur;NA
EX_fuc_L;NA
EX_fum;NA
EX_g1p;NA
EX_g3pc;NA
EX_g3pe;NA
EX_g3pg;NA
EX_g3pi;NA
EX_g3ps;NA
EX_g6p;NA
EX_gal1p;NA
EX_gal;NA
EX_gal_bD;NA
EX_galct_D;NA
EX_galctn_D;NA
EX_galctn_L;NA
EX_galt;NA
EX_galur;NA
EX_gam6p;NA
EX_gam;NA
EX_gbbtn;NA
EX_gdp;NA
EX_glc;NA
EX_glcn;NA
EX_glcr;NA
EX_glcur1p;NA
EX_glcur;NA
EX_gln_L;NA
EX_glu_L;NA
EX_gly;NA
EX_glyald;NA
EX_glyb;NA
EX_glyc2p;NA
EX_glyc3p;NA
EX_glyc;NA
EX_glyc_R;NA
EX_glyclt;NA
EX_gmp;NA
EX_gsn;NA
EX_gthox;NA
EX_gthrd;NA
EX_gtp;NA
EX_gua;NA
EX_h2;NA
EX_h2o2;NA
EX_h2o;NA
EX_h2s;NA
EX_h;NA
EX_hacolipa;NA
EX_halipa;NA
EX_hdca;NA
EX_hdcea;NA
EX_hg2;NA
EX_his_L;NA
EX_hom_L;NA
EX_hxa;NA
EX_hxan;NA
EX_idon_L;NA
EX_ile_L;NA
EX_imp;NA
EX_indole;NA
EX_inost;NA
EX_ins;NA
EX_isetac;NA
EX_k;NA
EX_kdo2lipid4;NA
EX_lac_D;NA
EX_lac_L;NA
EX_lcts;NA
EX_leu_L;NA
EX_lipa;NA
EX_lipa_cold;NA
EX_lys_L;NA
EX_lyx_L;NA
EX_mal_D;NA
EX_mal_L;NA
EX_malt;NA
EX_malthx;NA
EX_maltpt;NA
EX_malttr;NA
EX_maltttr;NA
EX_man6p;NA
EX_man;NA
EX_manglyc;NA
EX_melib;NA
EX_met_D;NA
EX_met_L;NA
EX_metsox_R_L;NA
EX_metsox_S_L;NA
EX_mg2;NA
EX_minohp;NA
EX_mmet;NA
EX_mn2;NA
EX_mnl;NA
EX_mobd;NA
EX_mso3;NA
EX_n2o;NA
EX_na1;NA
EX_nac;NA
EX_nh4;NA
EX_ni2;NA
EX_nmn;NA
EX_no2;NA
EX_no3;NA
EX_no;NA
EX_o16a4colipa;NA
EX_o2;NA
EX_o2s;NA
EX_ocdca;NA
EX_ocdcea;NA
EX_octa;NA
EX_orn;NA
EX_orot;NA
EX_pacald;NA
EX_peamn;NA
EX_phe_L;NA
EX_pheme;NA
EX_pi;NA
EX_pnto_R;NA
EX_ppa;NA
EX_ppal;NA
EX_pppn;NA
EX_ppt;NA
EX_pro_L;NA
EX_progly;NA
EX_psclys;NA
EX_pser_L;NA
EX_ptrc;NA
EX_pyr;NA
EX_r5p;NA
EX_rib_D;NA
EX_rmn;NA
EX_sbt_D;NA
EX_ser_D;NA
EX_ser_L;NA
EX_skm;NA
EX_so2;NA
EX_so3;NA
EX_so4;NA
EX_spmd;NA
EX_succ;NA
EX_sucr;NA
EX_sulfac;NA
EX_tartr_L;NA
EX_taur;NA
EX_tcynt;NA
EX_thm;NA
EX_thr_L;NA
EX_thrp;NA
EX_thym;NA
EX_thymd;NA
EX_tma;NA
EX_tmao;NA
EX_tre;NA
EX_trp_L;NA
EX_tsul;NA
EX_ttdca;NA
EX_ttdcea;NA
EX_tungs;NA
EX_tym;NA
EX_tyr_L;NA
EX_tyrp;NA
EX_uacgam;NA
EX_udpacgal;NA
EX_udpg;NA
EX_udpgal;NA
EX_udpglcur;NA
EX_ump;NA
EX_ura;NA
EX_urea;NA
EX_uri;NA
EX_val_L;NA
EX_xan;NA
EX_xmp;NA
EX_xtsn;NA
EX_xyl_D;NA
EX_xylu_L;NA
EX_zn2;NA
Biomass;NA
F6PA;Glycolysis/Gluconeogenesis
F6PP;Alternate Carbon Metabolism
F6Pt6_2pp;Transport, Inner Membrane
F6Ptex;Transport, Outer Membrane Porin
FA100ACPHi;Cell Envelope Biosynthesis
FA120ACPHi;Cell Envelope Biosynthesis
FA140ACPHi;Cell Envelope Biosynthesis
FA141ACPHi;Cell Envelope Biosynthesis
FA160ACPHi;Cell Envelope Biosynthesis
FA161ACPHi;Cell Envelope Biosynthesis
FA80ACPHi;Cell Envelope Biosynthesis
FACOAE100;Cell Envelope Biosynthesis
FACOAE120;Cell Envelope Biosynthesis
FACOAE140;Cell Envelope Biosynthesis
FACOAE141;Cell Envelope Biosynthesis
FACOAE160;Cell Envelope Biosynthesis
FACOAE161;Cell Envelope Biosynthesis
FACOAE180;Cell Envelope Biosynthesis
FACOAE181;Cell Envelope Biosynthesis
FACOAE60;Cell Envelope Biosynthesis
FACOAE80;Cell Envelope Biosynthesis
FACOAL100t2pp;Cell Envelope Biosynthesis
FACOAL120t2pp;Cell Envelope Biosynthesis
FACOAL140t2pp;Cell Envelope Biosynthesis
FACOAL141t2pp;Cell Envelope Biosynthesis
FACOAL160t2pp;Cell Envelope Biosynthesis
FACOAL161t2pp;Cell Envelope Biosynthesis
FACOAL180t2pp;Cell Envelope Biosynthesis
FACOAL181t2pp;Cell Envelope Biosynthesis
FACOAL60t2pp;Cell Envelope Biosynthesis
FACOAL80t2pp;Cell Envelope Biosynthesis
FADRx;Cofactor and Prosthetic Group Biosynthesis
FADRx2;Cofactor and Prosthetic Group Biosynthesis
FALDH2;Cofactor and Prosthetic Group Biosynthesis
FALDtex;Transport, Outer Membrane Porin
FALDtpp;Transport, Inner Membrane
FALGTHLs;Cofactor and Prosthetic Group Biosynthesis
FBA;Glycolysis/Gluconeogenesis
FBP;Glycolysis/Gluconeogenesis
FCI;Alternate Carbon Metabolism
FCLK;Alternate Carbon Metabolism
FCLPA;Alternate Carbon Metabolism
FCLT;Cofactor and Prosthetic Group Biosynthesis
FDH4pp;Oxidative Phosphorylation
FDH5pp;Oxidative Phosphorylation
FDMO;Inorganic Ion Transport and Metabolism
FDMO2;Inorganic Ion Transport and Metabolism
FDMO3;Inorganic Ion Transport and Metabolism
FDMO4;Inorganic Ion Transport and Metabolism
FDMO6;Inorganic Ion Transport and Metabolism
FE2abcpp;Inorganic Ion Transport and Metabolism
FE2t2pp;Inorganic Ion Transport and Metabolism
FE2t3pp;Inorganic Ion Transport and Metabolism
FE2tex;Transport, Outer Membrane Porin
FE2tpp;Inorganic Ion Transport and Metabolism
FE3DCITabcpp;Inorganic Ion Transport and Metabolism
FE3DCITtonex;Transport, Outer Membrane
FE3DHBZR;Inorganic Ion Transport and Metabolism
FE3DHBZSabcpp;Inorganic Ion Transport and Metabolism
FE3DHBZStonex;Transport, Outer Membrane
FE3HOXR1;Inorganic Ion Transport and Metabolism
FE3HOXR2;Inorganic Ion Transport and Metabolism
FE3HOXR3;Inorganic Ion Transport and Metabolism
FE3HOXUtex;Inorganic Ion Transport and Metabolism
FE3HOXUtpp;Inorganic Ion Transport and Metabolism
FE3HOXabcpp;Inorganic Ion Transport and Metabolism
FE3HOXexs;Inorganic Ion Transport and Metabolism
FE3HOXtonex;Transport, Outer Membrane
FE3Ri;Cofactor and Prosthetic Group Biosynthesis
FE3abcpp;Inorganic Ion Transport and Metabolism
FE3tex;Transport, Outer Membrane Porin
FECRMR1;Inorganic Ion Transport and Metabolism
FECRMR2;Inorganic Ion Transport and Metabolism
FECRMR3;Inorganic Ion Transport and Metabolism
FECRMUtex;Inorganic Ion Transport and Metabolism
FECRMUtpp;Inorganic Ion Transport and Metabolism
FECRMabcpp;Inorganic Ion Transport and Metabolism
FECRMexs;Inorganic Ion Transport and Metabolism
FECRMtonex;Transport, Outer Membrane
FEENTERR1;Inorganic Ion Transport and Metabolism
FEENTERR2;Inorganic Ion Transport and Metabolism
FEENTERR3;Inorganic Ion Transport and Metabolism
FEENTERabcpp;Inorganic Ion Transport and Metabolism
FEENTERexs;Inorganic Ion Transport and Metabolism
FEENTERtex;Inorganic Ion Transport and Metabolism
FEENTERtonex;Transport, Outer Membrane
FEENTERtpp;Transport, Inner Membrane
FEOXAMR1;Inorganic Ion Transport and Metabolism
FEOXAMR2;Inorganic Ion Transport and Metabolism
FEOXAMR3;Inorganic Ion Transport and Metabolism
FEOXAMUtex;Inorganic Ion Transport and Metabolism
FEOXAMUtpp;Inorganic Ion Transport and Metabolism
FEOXAMabcpp;Inorganic Ion Transport and Metabolism
FEOXAMexs;Inorganic Ion Transport and Metabolism
FEOXAMtonex;Transport, Outer Membrane
FEROpp;Inorganic Ion Transport and Metabolism
FFSD;Alternate Carbon Metabolism
FHL;Pyruvate Metabolism
FLDR;Unassigned
FLVR;Cofactor and Prosthetic Group Biosynthesis
FLVRx;Cofactor and Prosthetic Group Biosynthesis
FMETTRS;tRNA Charging
FMNAT;Cofactor and Prosthetic Group Biosynthesis
FMNRx;Cofactor and Prosthetic Group Biosynthesis
FMNRx2;Cofactor and Prosthetic Group Biosynthesis
FORt2pp;Transport, Inner Membrane
FORtex;Transport, Outer Membrane Porin
FORtppi;Transport, Inner Membrane
FRD2;Citric Acid Cycle
FRD3;Citric Acid Cycle
FRUK;Alternate Carbon Metabolism
FRULYSDG;Alternate Carbon Metabolism
FRULYSE;Alternate Carbon Metabolism
FRULYSK;Alternate Carbon Metabolism
FRULYSt2pp;Transport, Inner Membrane
FRULYStex;Transport, Outer Membrane Porin
FRUURt2rpp;Transport, Inner Membrane
FRUURtex;Transport, Outer Membrane Porin
FRUpts2pp;Transport, Inner Membrane
FRUptspp;Transport, Inner Membrane
FRUtex;Transport, Outer Membrane Porin
FTHFD;Folate Metabolism
FUCtex;Transport, Outer Membrane Porin
FUCtpp;Transport, Inner Membrane
FUM;Citric Acid Cycle
FUMt2_2pp;Transport, Inner Membrane
FUMt2_3pp;Transport, Inner Membrane
FUMtex;Transport, Outer Membrane Porin
G1PACT;Cell Envelope Biosynthesis
G1PPpp;Glycolysis/Gluconeogenesis
G1PTT;Cell Envelope Biosynthesis
G1Ptex;Transport, Outer Membrane Porin
G1SAT;Cofactor and Prosthetic Group Biosynthesis
G2PPpp;Alternate Carbon Metabolism
G3PAT120;Glycerophospholipid Metabolism
G3PAT140;Glycerophospholipid Metabolism
G3PAT141;Glycerophospholipid Metabolism
G3PAT160;Glycerophospholipid Metabolism
G3PAT161;Glycerophospholipid Metabolism
G3PAT180;Glycerophospholipid Metabolism
G3PAT181;Glycerophospholipid Metabolism
G3PCabcpp;Transport, Inner Membrane
G3PCtex;Transport, Outer Membrane Porin
G3PD2;Alternate Carbon Metabolism
G3PD5;Oxidative Phosphorylation
G3PD6;Oxidative Phosphorylation
G3PD7;Oxidative Phosphorylation
G3PEabcpp;Transport, Inner Membrane
G3PEtex;Transport, Outer Membrane Porin
G3PGabcpp;Transport, Inner Membrane
G3PGtex;Transport, Outer Membrane Porin
G3PIabcpp;Transport, Inner Membrane
G3PItex;Transport, Outer Membrane Porin
G3PSabcpp;Transport, Inner Membrane
G3PStex;Transport, Outer Membrane Porin
G3PT;Alternate Carbon Metabolism
G5SADs;Arginine and Proline Metabolism
G5SD;Arginine and Proline Metabolism
G6PDA;Alternate Carbon Metabolism
G6PDH2r;Pentose Phosphate Pathway
G6PP;Glycolysis/Gluconeogenesis
G6Pt6_2pp;Transport, Inner Membrane
G6Ptex;Transport, Outer Membrane Porin
GAL1PPpp;Alternate Carbon Metabolism
GAL1Ptex;Transport, Outer Membrane Porin
GALBDtex;Transport, Outer Membrane Porin
GALCTD;Alternate Carbon Metabolism
GALCTLO;Alternate Carbon Metabolism
GALCTND;Alternate Carbon Metabolism
GALCTNLt2pp;Transport, Inner Membrane
GALCTNLtex;Transport, Outer Membrane Porin
GALCTNt2pp;Transport, Inner Membrane
GALCTNtex;Transport, Outer Membrane Porin
GALCTt2rpp;Transport, Inner Membrane
GALCTtex;Transport, Outer Membrane Porin
GALKr;Alternate Carbon Metabolism
GALM2pp;Alternate Carbon Metabolism
GALS3;Alternate Carbon Metabolism
GALT1;Lipopolysaccharide Biosynthesis / Recycling
GALTptspp;Transport, Inner Membrane
GALTtex;Transport, Outer Membrane Porin
GALURt2rpp;Transport, Inner Membrane
GALURtex;Transport, Outer Membrane Porin
GALUi;Cell Envelope Biosynthesis
GALabcpp;Transport, Inner Membrane
GALt2pp;Transport, Inner Membrane
GALtex;Transport, Outer Membrane Porin
GAM6Pt6_2pp;Transport, Inner Membrane
GAMAN6Ptex;Transport, Outer Membrane Porin
GAMptspp;Transport, Inner Membrane
GAMtex;Transport, Outer Membrane Porin
GAPD;Glycolysis/Gluconeogenesis
GARFT;Purine and Pyrimidine Biosynthesis
GART;Purine and Pyrimidine Biosynthesis
GBBTNtex;Transport, Outer Membrane Porin
GCALDD;Folate Metabolism
GDMANE;Cell Envelope Biosynthesis
GDPDPK;Cofactor and Prosthetic Group Biosynthesis
GDPMNH;Cell Envelope Biosynthesis
GDPMNP;Cell Envelope Biosynthesis
GDPtex;Transport, Outer Membrane Porin
GF6PTA;Cell Envelope Biosynthesis
GGGABADr;Alternate Carbon Metabolism
GGGABAH;Alternate Carbon Metabolism
GGPTRCO;Alternate Carbon Metabolism
GGPTRCS;Alternate Carbon Metabolism
GHMT2r;Glycine and Serine Metabolism
GK1;Nucleotide Salvage Pathway
GLBRAN2;Glycolysis/Gluconeogenesis
GLCATr;Alternate Carbon Metabolism
GLCDpp;Oxidative Phosphorylation
GLCNt2rpp;Transport, Inner Membrane
GLCNtex;Transport, Outer Membrane Porin
GLCP;Glycolysis/Gluconeogenesis
GLCP2;Glycolysis/Gluconeogenesis
GLCRAL;Alternate Carbon Metabolism
GLCRD;Alternate Carbon Metabolism
GLCRt2rpp;Transport, Inner Membrane
GLCRtex;Transport, Outer Membrane Porin
GLCS1;Glycolysis/Gluconeogenesis
GLCTR1;Lipopolysaccharide Biosynthesis / Recycling
GLCTR2;Lipopolysaccharide Biosynthesis / Recycling
GLCTR3;Lipopolysaccharide Biosynthesis / Recycling
GLCUR1Ptex;Transport, Outer Membrane Porin
GLCURt2rpp;Transport, Inner Membrane
GLCURtex;Transport, Outer Membrane Porin
GLCabcpp;Transport, Inner Membrane
GLCptspp;Transport, Inner Membrane
GLCt2pp;Transport, Inner Membrane
GLCtex;Transport, Outer Membrane Porin
GLCtexi;Transport, Outer Membrane
GLDBRAN2;Glycolysis/Gluconeogenesis
GLGC;Glycolysis/Gluconeogenesis
GLNS;Glutamate metabolism
GLNTRS;tRNA Charging
GLNabcpp;Transport, Inner Membrane
GLNtex;Transport, Outer Membrane Porin
GLTPD;Alternate Carbon Metabolism
GLU5K;Arginine and Proline Metabolism
GLUABUTt7pp;Transport, Inner Membrane
GLUCYS;Cofactor and Prosthetic Group Biosynthesis
GLUDC;Glutamate Metabolism
GLUDy;Glutamate Metabolism
GLUN;Glutamate Metabolism
GLUNpp;Glutamate Metabolism
GLUPRT;Purine and Pyrimidine Biosynthesis
GLUR;Cell Envelope Biosynthesis
GLUSy;Glutamate metabolism
GLUTRR;Cofactor and Prosthetic Group Biosynthesis
GLUTRS;Cofactor and Prosthetic Group Biosynthesis
GLUabcpp;Transport, Inner Membrane
GLUt2rpp;Transport, Inner Membrane
GLUt4pp;Transport, Inner Membrane
GLUtex;Transport, Outer Membrane Porin
GLXCL;Glyoxylate Metabolism
GLYALDtex;Transport, Outer Membrane Porin
GLYALDtpp;Transport, Inner Membrane
GLYAT;Glycine and Serine Metabolism
GLYBabcpp;Transport, Inner Membrane
GLYBt2pp;Transport, Inner Membrane
GLYBtex;Transport, Outer Membrane Porin
GLYC2Ptex;Transport, Outer Membrane Porin
GLYC3Pabcpp;Transport, Inner Membrane
GLYC3Pt6pp;Transport, Inner Membrane
GLYC3Ptex;Transport, Outer Membrane Porin
GLYCAt2rpp;Transport, Inner Membrane
GLYCAtex;Transport, Outer Membrane Porin
GLYCDx;Alternate Carbon Metabolism
GLYCK;Glyoxylate Metabolism
GLYCK2;Glycine and Serine Metabolism
GLYCL;Folate Metabolism
GLYCLTDx;Glyoxylate Metabolism
GLYCLTDy;Glyoxylate Metabolism
GLYCLTt2rpp;Transport, Inner Membrane
GLYCLTt4pp;Transport, Inner Membrane
GLYCLTtex;Transport, Outer Membrane Porin
GLYCTO2;Alternate Carbon Metabolism
GLYCTO3;Alternate Carbon Metabolism
GLYCTO4;Alternate Carbon Metabolism
GLYCtex;Transport, Outer Membrane Porin
GLYCtpp;Transport, Inner Membrane
GLYK;Alternate Carbon Metabolism
GLYOX;Methylglyoxal Metabolism
GLYOX3;Methylglyoxal Metabolism
GLYTRS;tRNA Charging
GLYt2pp;Transport, Inner Membrane
GLYt4pp;Transport, Inner Membrane
GLYtex;Transport, Outer Membrane Porin
GMAND;Cell Envelope Biosynthesis
GMHEPAT;Lipopolysaccharide Biosynthesis / Recycling
GMHEPK;Lipopolysaccharide Biosynthesis / Recycling
GMHEPPA;Lipopolysaccharide Biosynthesis / Recycling
GMPR;Purine and Pyrimidine Biosynthesis
GMPS2;Purine and Pyrimidine Biosynthesis
GMPtex;Transport, Outer Membrane Porin
GND;Pentose Phosphate Pathway
GNK;Alternate Carbon Metabolism
GOFUCR;Cell Envelope Biosynthesis
GP4GH;Nucleotide Salvage Pathway
GPDDA1;Glycerophospholipid Metabolism
GPDDA1pp;Glycerophospholipid Metabolism
GPDDA2;Glycerophospholipid Metabolism
GPDDA2pp;Glycerophospholipid Metabolism
GPDDA3;Glycerophospholipid Metabolism
GPDDA3pp;Glycerophospholipid Metabolism
GPDDA4;Glycerophospholipid Metabolism
GPDDA4pp;Glycerophospholipid Metabolism
GPDDA5;Glycerophospholipid Metabolism
GPDDA5pp;Glycerophospholipid Metabolism
GRTT;Cofactor and Prosthetic Group Biosynthesis
GRXR;Unassigned
GSNK;Nucleotide Salvage Pathway
GSNt2pp;Transport, Inner Membrane
GSNtex;Transport, Outer Membrane Porin
GSPMDA;Arginine and Proline Metabolism
GSPMDS;Arginine and Proline Metabolism
GTHOXtex;Transport, Outer Membrane Porin
GTHOr;Cofactor and Prosthetic Group Biosynthesis
GTHRDHpp;Cofactor and Prosthetic Group Biosynthesis
GTHRDabc2pp;Transport, Inner Membrane
GTHRDabcpp;Transport, Inner Membrane
GTHRDtex;Transport, Outer Membrane Porin
GTHS;Cofactor and Prosthetic Group Biosynthesis
GTPCI;Cofactor and Prosthetic Group Biosynthesis
GTPCII2;Cofactor and Prosthetic Group Biosynthesis
GTPDPDP;Cofactor and Prosthetic Group Biosynthesis
GTPDPK;Cofactor and Prosthetic Group Biosynthesis
GTPHs;Nucleotide Salvage Pathway
GTPtex;Transport, Outer Membrane Porin
GUAD;Nucleotide Salvage Pathway
GUAPRT;Nucleotide Salvage Pathway
GUAt2pp;Transport, Inner Membrane
GUAtex;Transport, Outer Membrane
GUAtpp;Transport, Inner Membrane
GUI1;Alternate Carbon Metabolism
GUI2;Alternate Carbon Metabolism
GUR1PPpp;Alternate Carbon Metabolism
H2O2tex;Transport, Outer Membrane Porin
H2Otex;Transport, Outer Membrane
H2Otpp;Transport, Inner Membrane
H2SO;Inorganic Ion Transport and Metabolism
H2St1pp;Transport, Inner Membrane
H2Stex;Transport, Outer Membrane Porin
H2tex;Transport, Outer Membrane Porin
H2tpp;Transport, Inner Membrane
HACD1i;Membrane Lipid Metabolism
HACD2i;Membrane Lipid Metabolism
HACD3i;Membrane Lipid Metabolism
HACD4i;Membrane Lipid Metabolism
HACD5i;Membrane Lipid Metabolism
HACD6i;Membrane Lipid Metabolism
HACD7i;Membrane Lipid Metabolism
HACD8i;Membrane Lipid Metabolism
HBZOPT;Cofactor and Prosthetic Group Biosynthesis
HCINNMt2rpp;Transport, Inner Membrane
HCINNMtex;Transport, Outer Membrane Porin
HCO3E;Unassigned
HCYSMT;Methionine Metabolism
HCYSMT2;Methionine Metabolism
HDCAtexi;Transport, Outer Membrane
HDCEAtexi;Transport, Outer Membrane
HDCOAI;Membrane Lipid Metabolism
HEMEOS;Cofactor and Prosthetic Group Biosynthesis
HEPK1;Lipopolysaccharide Biosynthesis / Recycling
HEPK2;Lipopolysaccharide Biosynthesis / Recycling
HEPT1;Lipopolysaccharide Biosynthesis / Recycling
HEPT2;Lipopolysaccharide Biosynthesis / Recycling
HEPT3;Lipopolysaccharide Biosynthesis / Recycling
HEPT4;Lipopolysaccharide Biosynthesis / Recycling
HETZK;Cofactor and Prosthetic Group Biosynthesis
HEX1;Glycolysis/Gluconeogenesis
HEX4;Alternate Carbon Metabolism
HEX7;Alternate Carbon Metabolism
HEXt2rpp;Transport, Inner Membrane
HG2abcpp;Inorganic Ion Transport and Metabolism
HG2t3pp;Inorganic Ion Transport and Metabolism
HG2tex;Transport, Outer Membrane Porin
HISTD;Histidine Metabolism
HISTP;Histidine Metabolism
HISTRS;tRNA Charging
HISabcpp;Transport, Inner Membrane
HISt2rpp;Transport, Inner Membrane
HIStex;Transport, Outer Membrane Porin
HKNDDH;Alternate Carbon Metabolism
HKNTDH;Alternate Carbon Metabolism
HMBS;Cofactor and Prosthetic Group Biosynthesis
HMPK1;Cofactor and Prosthetic Group Biosynthesis
HOMt2pp;Transport, Inner Membrane
HOMtex;Transport, Outer Membrane Porin
HOPNTAL;Alternate Carbon Metabolism
HPPK2;Cofactor and Prosthetic Group Biosynthesis
HPPPNDO;Alternate Carbon Metabolism
HPPPNt2rpp;Transport, Inner Membrane
HPPPNtex;Transport, Outer Membrane Porin
HPYRI;Alternate Carbon Metabolism
HPYRRx;Alternate Carbon Metabolism
HPYRRy;Alternate Carbon Metabolism
HSDy;Threonine and Lysine Metabolism
HSK;Threonine and Lysine Metabolism
HSST;Methionine Metabolism
HSTPT;Histidine Metabolism
HXAND;Nucleotide Salvage Pathway
HXAtex;Transport, Outer Membrane Porin
HXCT;Alternate Carbon Metabolism
HXPRT;Nucleotide Salvage Pathway
HYD1pp;Oxidative Phosphorylation
HYD2pp;Oxidative Phosphorylation
HYD3pp;Oxidative Phosphorylation
HYPOE;Cofactor and Prosthetic Group Biosynthesis
HYXNtex;Transport, Outer Membrane Porin
HYXNtpp;Transport, Inner Membrane
Htex;Transport, Outer Membrane Porin
ICDHyr;Citric Acid Cycle
ICHORS;Cofactor and Prosthetic Group Biosynthesis
ICHORSi;Cofactor and Prosthetic Group Biosynthesis
ICHORT;Cofactor and Prosthetic Group Biosynthesis
ICL;Anaplerotic Reactions
IDOND;Alternate Carbon Metabolism
IDOND2;Alternate Carbon Metabolism
IDONt2rpp;Transport, Inner Membrane
IDONtex;Transport, Outer Membrane Porin
IG3PS;Histidine Metabolism
IGPDH;Histidine Metabolism
IGPS;Tyrosine, Tryptophan, and Phenylalanine Metabolism
ILETA;Valine, Leucine, and Isoleucine Metabolism
ILETRS;tRNA Charging
ILEabcpp;Transport, Inner Membrane
ILEt2rpp;Transport, Inner Membrane
ILEtex;Transport, Outer Membrane Porin
IMPC;Purine and Pyrimidine Biosynthesis
IMPD;Purine and Pyrimidine Biosynthesis
IMPtex;Transport, Outer Membrane Porin
INDOLEt2pp;Transport, Inner Membrane
INDOLEt2rpp;Transport, Inner Membrane
INDOLEtex;Transport, Outer Membrane Porin
INOSTt4pp;Transport, Inner Membrane
INSH;Nucleotide Salvage Pathway
INSK;Nucleotide Salvage Pathway
INSTtex;Transport, Outer Membrane Porin
INSt2pp;Transport, Inner Membrane
INSt2rpp;Transport, Inner Membrane
INStex;Transport, Outer Membrane
IPDDI;Cofactor and Prosthetic Group Biosynthesis
IPDPS;Cofactor and Prosthetic Group Biosynthesis
IPMD;Valine, Leucine, and Isoleucine Metabolism
IPPMIa;Valine, Leucine, and Isoleucine Metabolism
IPPMIb;Valine, Leucine, and Isoleucine Metabolism
IPPS;Valine, Leucine, and Isoleucine Metabolism
ISETACabcpp;Transport, Inner Membrane
ISETACtex;Transport, Outer Membrane Porin
K2L4Aabcpp;Transport, Inner Membrane
K2L4Atex;Transport, Outer Membrane
KARA1;Valine, Leucine, and Isoleucine Metabolism
KARA2;Valine, Leucine, and Isoleucine Metabolism
KAS14;Membrane Lipid Metabolism
KAS15;Membrane Lipid Metabolism
KAT1;Membrane Lipid Metabolism
KAT2;Membrane Lipid Metabolism
KAT3;Membrane Lipid Metabolism
KAT4;Membrane Lipid Metabolism
KAT5;Membrane Lipid Metabolism
KAT6;Membrane Lipid Metabolism
KAT7;Membrane Lipid Metabolism
KAT8;Membrane Lipid Metabolism
KDOCT2;Lipopolysaccharide Biosynthesis / Recycling
KDOPP;Lipopolysaccharide Biosynthesis / Recycling
KDOPS;Lipopolysaccharide Biosynthesis / Recycling
KG6PDC;Alternate Carbon Metabolism
Kabcpp;Inorganic Ion Transport and Metabolism
Kt2pp;Inorganic Ion Transport and Metabolism
Kt3pp;Inorganic Ion Transport and Metabolism
Ktex;Transport, Outer Membrane Porin
LA4NTpp;Lipopolysaccharide Biosynthesis / Recycling
LACZ;Alternate Carbon Metabolism
LACZpp;Alternate Carbon Metabolism
LADGMDH;Murein Recycling
LALDO2x;Methylglyoxal Metabolism
LALGP;Murein Recycling
LCADi;Alternate Carbon Metabolism
LCARR;Methylglyoxal Metabolism
LCARS;Alternate Carbon Metabolism
LCTSt3ipp;Transport, Inner Membrane
LCTStex;Transport, Outer Membrane Porin
LCTStpp;Transport, Inner Membrane
LDH_D;Pyruvate Metabolism
LDH_D2;Oxidative Phosphorylation
LEUTAi;Valine, Leucine, and Isoleucine Metabolism
LEUTRS;tRNA Charging
LEUabcpp;Transport, Inner Membrane
LEUt2rpp;Transport, Inner Membrane
LEUtex;Transport, Outer Membrane Porin
LGTHL;Methylglyoxal Metabolism
LIPACabcpp;Lipopolysaccharide Biosynthesis / Recycling
LIPAHT2ex;Lipopolysaccharide Biosynthesis / Recycling
LIPAHTex;Lipopolysaccharide Biosynthesis / Recycling
LIPAabcpp;Lipopolysaccharide Biosynthesis / Recycling
LIPAtex;Lipopolysaccharide Biosynthesis / Recycling
LPADSS;Lipopolysaccharide Biosynthesis / Recycling
LPLIPAL1A120pp;Glycerophospholipid Metabolism
LPLIPAL1A140pp;Glycerophospholipid Metabolism
LPLIPAL1A141pp;Glycerophospholipid Metabolism
LPLIPAL1A160pp;Glycerophospholipid Metabolism
LPLIPAL1A161pp;Glycerophospholipid Metabolism
LPLIPAL1A180pp;Glycerophospholipid Metabolism
LPLIPAL1A181pp;Glycerophospholipid Metabolism
LPLIPAL1E120pp;Glycerophospholipid Metabolism
LPLIPAL1E140pp;Glycerophospholipid Metabolism
LPLIPAL1E141pp;Glycerophospholipid Metabolism
LPLIPAL1E160pp;Glycerophospholipid Metabolism
LPLIPAL1E161pp;Glycerophospholipid Metabolism
LPLIPAL1E180pp;Glycerophospholipid Metabolism
LPLIPAL1E181pp;Glycerophospholipid Metabolism
LPLIPAL1G120pp;Glycerophospholipid Metabolism
LPLIPAL1G140pp;Glycerophospholipid Metabolism
LPLIPAL1G141pp;Glycerophospholipid Metabolism
LPLIPAL1G160pp;Glycerophospholipid Metabolism
LPLIPAL1G161pp;Glycerophospholipid Metabolism
LPLIPAL1G180pp;Glycerophospholipid Metabolism
LPLIPAL1G181pp;Glycerophospholipid Metabolism
LPLIPAL2A120;Glycerophospholipid Metabolism
LPLIPAL2A140;Glycerophospholipid Metabolism
LPLIPAL2A141;Glycerophospholipid Metabolism
LPLIPAL2A160;Glycerophospholipid Metabolism
LPLIPAL2A161;Glycerophospholipid Metabolism
LPLIPAL2A180;Glycerophospholipid Metabolism
LPLIPAL2A181;Glycerophospholipid Metabolism
LPLIPAL2ATE120;Glycerophospholipid Metabolism
LPLIPAL2ATE140;Glycerophospholipid Metabolism
LPLIPAL2ATE141;Glycerophospholipid Metabolism
LPLIPAL2ATE160;Glycerophospholipid Metabolism
LPLIPAL2ATE161;Glycerophospholipid Metabolism
LPLIPAL2ATE180;Glycerophospholipid Metabolism
LPLIPAL2ATE181;Glycerophospholipid Metabolism
LPLIPAL2ATG120;Glycerophospholipid Metabolism
LPLIPAL2ATG140;Glycerophospholipid Metabolism
LPLIPAL2ATG141;Glycerophospholipid Metabolism
LPLIPAL2ATG160;Glycerophospholipid Metabolism
LPLIPAL2ATG161;Glycerophospholipid Metabolism
LPLIPAL2ATG180;Glycerophospholipid Metabolism
LPLIPAL2ATG181;Glycerophospholipid Metabolism
LPLIPAL2E120;Glycerophospholipid Metabolism
LPLIPAL2E140;Glycerophospholipid Metabolism
LPLIPAL2E141;Glycerophospholipid Metabolism
LPLIPAL2E160;Glycerophospholipid Metabolism
LPLIPAL2E161;Glycerophospholipid Metabolism
LPLIPAL2E180;Glycerophospholipid Metabolism
LPLIPAL2E181;Glycerophospholipid Metabolism
LPLIPAL2G120;Glycerophospholipid Metabolism
LPLIPAL2G140;Glycerophospholipid Metabolism
LPLIPAL2G141;Glycerophospholipid Metabolism
LPLIPAL2G160;Glycerophospholipid Metabolism
LPLIPAL2G161;Glycerophospholipid Metabolism
LPLIPAL2G180;Glycerophospholipid Metabolism
LPLIPAL2G181;Glycerophospholipid Metabolism
LSERDHr;Glycine and Serine Metabolism
LYSDC;Threonine and Lysine Metabolism
LYSTRS;tRNA Charging
LYSabcpp;Transport, Inner Membrane
LYSt2pp;Transport, Inner Membrane
LYSt3pp;Transport, Inner Membrane
LYStex;Transport, Outer Membrane Porin
LYXI;Alternate Carbon Metabolism
LYXt2pp;Transport, Inner Membrane
LYXtex;Transport, Outer Membrane Porin
L_LACD2;Oxidative Phosphorylation
L_LACD3;Oxidative Phosphorylation
L_LACt2rpp;Transport, Inner Membrane
L_LACtex;Transport, Outer Membrane Porin
M1PD;Alternate Carbon Metabolism
MACPD;Membrane Lipid Metabolism
MALDDH;Alternate Carbon Metabolism
MALDt2_2pp;Transport, Inner Membrane
MALDtex;Transport, Outer Membrane Porin
MALS;Anaplerotic Reactions
MALTATr;Alternate Carbon Metabolism
MALTHXabcpp;Transport, Inner Membrane
MALTHXtexi;Transport, Outer Membrane
MALTPTabcpp;Transport, Inner Membrane
MALTPTtexi;Transport, Outer Membrane
MALTTRabcpp;Transport, Inner Membrane
MALTTRtexi;Transport, Outer Membrane
MALTTTRabcpp;Transport, Inner Membrane
MALTTTRtexi;Transport, Outer Membrane
MALTabcpp;Transport, Inner Membrane
MALTptspp;Transport, Inner Membrane
MALTtexi;Transport, Outer Membrane
MALt2_2pp;Transport, Inner Membrane
MALt2_3pp;Transport, Inner Membrane
MALtex;Transport, Outer Membrane Porin
MAN1PT2;Cell Envelope Biosynthesis
MAN6PI;Alternate Carbon Metabolism
MAN6Pt6_2pp;Transport, Inner Membrane
MAN6Ptex;Transport, Outer Membrane Porin
MANAO;Alternate Carbon Metabolism
MANGLYCptspp;Transport, Inner Membrane
MANGLYCtex;Transport, Outer Membrane Porin
MANPGH;Alternate Carbon Metabolism
MANptspp;Transport, Inner Membrane
MANtex;Transport, Outer Membrane Porin
MCITD;Alternate Carbon Metabolism
MCITL2;Alternate Carbon Metabolism
MCITS;Alternate Carbon Metabolism
MCOATA;Membrane Lipid Metabolism
MCPST;Cysteine Metabolism
MCTP1App;Murein Biosynthesis
MCTP1Bpp;Murein Biosynthesis
MCTP2App;Murein Biosynthesis
MDDCP1pp;Murein Biosynthesis
MDDCP2pp;Murein Biosynthesis
MDDCP3pp;Murein Biosynthesis
MDDCP4pp;Murein Biosynthesis
MDDCP5pp;Murein Biosynthesis
MDDEP1pp;Murein Recycling
MDDEP2pp;Murein Recycling
MDDEP3pp;Murein Recycling
MDDEP4pp;Murein Recycling
MDH;Citric Acid Cycle
MDH2;Citric Acid Cycle
MDH3;Citric Acid Cycle
MDRPD;Arginine and Proline Metabolism
ME1;Anaplerotic Reactions
ME2;Anaplerotic Reactions
MECDPDH2;Cofactor and Prosthetic Group Biosynthesis
MECDPS;Cofactor and Prosthetic Group Biosynthesis
MELIBt2pp;Transport, Inner Membrane
MELIBt3ipp;Transport, Inner Membrane
MELIBtex;Transport, Outer Membrane Porin
MEPCT;Cofactor and Prosthetic Group Biosynthesis
METAT;Methionine Metabolism
METDabcpp;Transport, Inner Membrane
METDtex;Transport, Outer Membrane Porin
METOX1s;Methionine Metabolism
METOX2s;Methionine Metabolism
METS;Methionine Metabolism
METSOX1abcpp;Transport, Inner Membrane
METSOX1tex;Transport, Outer Membrane Porin
METSOX2abcpp;Transport, Inner Membrane
METSOX2tex;Transport, Outer Membrane Porin
METSOXR1;Methionine Metabolism
METSOXR2;Methionine Metabolism
METTRS;tRNA Charging
METabcpp;Transport, Inner Membrane
METtex;Transport, Outer Membrane Porin
MG2t3_2pp;Inorganic Ion Transport and Metabolism
MG2tex;Transport, Outer Membrane Porin
MG2tpp;Inorganic Ion Transport and Metabolism
MG2uabcpp;Inorganic Ion Transport and Metabolism
MGSA;Methylglyoxal Metabolism
MI1PP;Cell Envelope Biosynthesis
MICITD;Alternate Carbon Metabolism
MINOHPtexi;Transport, Outer Membrane
MLDCP1App;Murein Biosynthesis
MLDCP1Bpp;Murein Biosynthesis
MLDCP2App;Murein Biosynthesis
MLDCP2Bpp;Murein Biosynthesis
MLDCP3App;Murein Biosynthesis
MLDEP1pp;Murein Recycling
MLDEP2pp;Murein Recycling
MLTG1;Alternate Carbon Metabolism
MLTG2;Alternate Carbon Metabolism
MLTG3;Alternate Carbon Metabolism
MLTG4;Alternate Carbon Metabolism
MLTG5;Alternate Carbon Metabolism
MLTGY1pp;Murein Recycling
MLTGY2pp;Murein Recycling
MLTGY3pp;Murein Recycling
MLTGY4pp;Murein Recycling
MLTP1;Alternate Carbon Metabolism
MLTP2;Alternate Carbon Metabolism
MLTP3;Alternate Carbon Metabolism
MMCD;Alternate Carbon Metabolism
MME;Alternate Carbon Metabolism
MMETt2pp;Transport, Inner Membrane
MMETtex;Transport, Outer Membrane Porin
MMM2;Alternate Carbon Metabolism
MN2t3pp;Inorganic Ion Transport and Metabolism
MN2tpp;Inorganic Ion Transport and Metabolism
MN6PP;Alternate Carbon Metabolism
MNLptspp;Transport, Inner Membrane
MNLtex;Transport, Outer Membrane Porin
MNNH;Alternate Carbon Metabolism
MNt2pp;Transport, Inner Membrane
MNtex;Transport, Outer Membrane Porin
MOAT;Lipopolysaccharide Biosynthesis / Recycling
MOAT2;Lipopolysaccharide Biosynthesis / Recycling
MOAT3C;Lipopolysaccharide Biosynthesis / Recycling
MOBDabcpp;Inorganic Ion Transport and Metabolism
MOBDtex;Transport, Outer Membrane Porin
MOHMT;Cofactor and Prosthetic Group Biosynthesis
MPTG;Murein Biosynthesis
MPTG2;Murein Biosynthesis
MSO3abcpp;Transport, Inner Membrane
MSO3tex;Transport, Outer Membrane Porin
MTAN;Arginine and Proline Metabolism
MTHFC;Folate Metabolism
MTHFD;Folate Metabolism
MTHFR2;Folate Metabolism
MTRI;Arginine and Proline Metabolism
MTRK;Arginine and Proline Metabolism
MTRPOX;Glycine and Serine Metabolism
N2Otex;Transport, Outer Membrane Porin
N2Otpp;Inorganic Ion Transport and Metabolism
NACODA;Arginine and Proline Metabolism
NACtex;Transport, Outer Membrane Porin
NACtpp;Transport, Inner Membrane
NADDP;Cofactor and Prosthetic Group Biosynthesis
NADH10;Oxidative Phosphorylation
NADH16pp;Oxidative Phosphorylation
NADH17pp;Oxidative Phosphorylation
NADH18pp;Oxidative Phosphorylation
NADH5;Oxidative Phosphorylation
NADH9;Oxidative Phosphorylation
NADK;Cofactor and Prosthetic Group Biosynthesis
NADN;Cofactor and Prosthetic Group Biosynthesis
NADPHQR2;Oxidative Phosphorylation
NADPHQR3;Oxidative Phosphorylation
NADPHQR4;Oxidative Phosphorylation
NADPPPS;Cofactor and Prosthetic Group Biosynthesis
NADS1;Cofactor and Prosthetic Group Biosynthesis
NADTRHD;Oxidative Phosphorylation
NAMNPP;Cofactor and Prosthetic Group Biosynthesis
NAt3_1p5pp;Inorganic Ion Transport and Metabolism
NAt3_2pp;Inorganic Ion Transport and Metabolism
NAt3pp;Inorganic Ion Transport and Metabolism
NAtex;Transport, Outer Membrane Porin
NDPK1;Nucleotide Salvage Pathway
NDPK2;Nucleotide Salvage Pathway
NDPK3;Nucleotide Salvage Pathway
NDPK4;Nucleotide Salvage Pathway
NDPK5;Nucleotide Salvage Pathway
NDPK6;Nucleotide Salvage Pathway
NDPK7;Nucleotide Salvage Pathway
NDPK8;Nucleotide Salvage Pathway
NH4tex;Transport, Outer Membrane Porin
NH4tpp;Inorganic Ion Transport and Metabolism
NHFRBO;Nitrogen Metabolism
NI2abcpp;Inorganic Ion Transport and Metabolism
NI2t3pp;Inorganic Ion Transport and Metabolism
NI2tex;Transport, Outer Membrane Porin
NI2tpp;Inorganic Ion Transport and Metabolism
NI2uabcpp;Inorganic Ion Transport and Metabolism
NMNAT;Cofactor and Prosthetic Group Biosynthesis
NMNDA;Cofactor and Prosthetic Group Biosynthesis
NMNN;Cofactor and Prosthetic Group Biosynthesis
NMNPtpp;Transport, Inner Membrane
NMNt7pp;Transport, Inner Membrane
NMNtex;Transport, Outer Membrane Porin
NNAM;Cofactor and Prosthetic Group Biosynthesis
NNATr;Nucleotide Salvage Pathway
NNDMBRT;Cofactor and Prosthetic Group Biosynthesis
NNDPR;Cofactor and Prosthetic Group Biosynthesis
NO2t2rpp;Inorganic Ion Transport and Metabolism
NO2tex;Transport, Outer Membrane Porin
NO3R1bpp;Nitrogen Metabolism
NO3R1pp;Oxidative Phosphorylation
NO3R2bpp;Nitrogen Metabolism
NO3R2pp;Oxidative Phosphorylation
NO3t7pp;Inorganic Ion Transport and Metabolism
NO3tex;Transport, Outer Membrane Porin
NODOx;Nitrogen Metabolism
NODOy;Nitrogen Metabolism
NOtex;Transport, Outer Membrane Porin
NOtpp;Inorganic Ion Transport and Metabolism
NPHS;Cofactor and Prosthetic Group Biosynthesis
NTD1;Nucleotide Salvage Pathway
NTD10;Nucleotide Salvage Pathway
NTD10pp;Nucleotide Salvage Pathway
NTD11;Nucleotide Salvage Pathway
NTD11pp;Nucleotide Salvage Pathway
NTD12;Nucleotide Salvage Pathway
NTD12pp;Nucleotide Salvage Pathway
NTD1pp;Nucleotide Salvage Pathway
NTD2;Nucleotide Salvage Pathway
NTD2pp;Nucleotide Salvage Pathway
NTD3;Nucleotide Salvage Pathway
NTD3pp;Nucleotide Salvage Pathway
NTD4;Nucleotide Salvage Pathway
NTD4pp;Nucleotide Salvage Pathway
NTD5;Nucleotide Salvage Pathway
NTD5pp;Nucleotide Salvage Pathway
NTD6;Nucleotide Salvage Pathway
NTD6pp;Nucleotide Salvage Pathway
NTD7;Nucleotide Salvage Pathway
NTD7pp;Nucleotide Salvage Pathway
NTD8;Nucleotide Salvage Pathway
NTD8pp;Nucleotide Salvage Pathway
NTD9;Nucleotide Salvage Pathway
NTD9pp;Nucleotide Salvage Pathway
NTP1;Nucleotide Salvage Pathway
NTP10;Nucleotide Salvage Pathway
NTP11;Nucleotide Salvage Pathway
NTP12;Nucleotide Salvage Pathway
NTP3;Nucleotide Salvage Pathway
NTP3pp;Nucleotide Salvage Pathway
NTP5;Nucleotide Salvage Pathway
NTPP1;Nucleotide Salvage Pathway
NTPP10;Nucleotide Salvage Pathway
NTPP11;Nucleotide Salvage Pathway
NTPP2;Nucleotide Salvage Pathway
NTPP3;Nucleotide Salvage Pathway
NTPP4;Nucleotide Salvage Pathway
NTPP5;Nucleotide Salvage Pathway
NTPP6;Nucleotide Salvage Pathway
NTPP7;Nucleotide Salvage Pathway
NTPP8;Nucleotide Salvage Pathway
NTPP9;Nucleotide Salvage Pathway
NTPTP1;Nucleotide Salvage Pathway
NTPTP2;Nucleotide Salvage Pathway
NTRIR2x;Oxidative Phosphorylation
NTRIR3pp;Nitrogen Metabolism
NTRIR4pp;Nitrogen Metabolism
O16A4COLIPAtex;Lipopolysaccharide Biosynthesis / Recycling
O16A4Lpp;Lipopolysaccharide Biosynthesis / Recycling
O16AP1pp;Lipopolysaccharide Biosynthesis / Recycling
O16AP2pp;Lipopolysaccharide Biosynthesis / Recycling
O16AP3pp;Lipopolysaccharide Biosynthesis / Recycling
O16AT;Lipopolysaccharide Biosynthesis / Recycling
O16AUNDtpp;Lipopolysaccharide Biosynthesis / Recycling
O16GALFT;Lipopolysaccharide Biosynthesis / Recycling
O16GLCT1;Lipopolysaccharide Biosynthesis / Recycling
O16GLCT2;Lipopolysaccharide Biosynthesis / Recycling
O2Stex;Transport, Outer Membrane Porin
O2tex;Transport, Outer Membrane Porin
O2tpp;Inorganic Ion Transport and Metabolism
OAADC;Pyruvate Metabolism
OBTFL;Alternate Carbon Metabolism
OCBT;Arginine and Proline Metabolism
OCDCAtexi;Transport, Outer Membrane
OCDCEAtexi;Transport, Outer Membrane
OCTAtex;Transport, Outer Membrane Porin
OCTDPS;Cofactor and Prosthetic Group Biosynthesis
ODECOAI;Membrane Lipid Metabolism
OHPBAT;Cofactor and Prosthetic Group Biosynthesis
OHPHM;Cofactor and Prosthetic Group Biosynthesis
OMBZLM;Cofactor and Prosthetic Group Biosynthesis
OMCDC;Valine, Leucine, and Isoleucine Metabolism
OMMBLHX;Cofactor and Prosthetic Group Biosynthesis
OMMBLHX3;Cofactor and Prosthetic Group Biosynthesis
OMPDC;Purine and Pyrimidine Biosynthesis
OMPHHX;Cofactor and Prosthetic Group Biosynthesis
OMPHHX3;Cofactor and Prosthetic Group Biosynthesis
OP4ENH;Alternate Carbon Metabolism
OPHBDC;Cofactor and Prosthetic Group Biosynthesis
OPHHX;Cofactor and Prosthetic Group Biosynthesis
OPHHX3;Cofactor and Prosthetic Group Biosynthesis
ORNDC;Arginine and Proline Metabolism
ORNabcpp;Transport, Inner Membrane
ORNtex;Transport, Outer Membrane Porin
OROTt2_2pp;Transport, Inner Membrane
OROTtex;Transport, Outer Membrane Porin
ORPT;Purine and Pyrimidine Biosynthesis
OXAMTC;Unassigned
OXGDC2;Cofactor and Prosthetic Group Biosynthesis
P5CD;Arginine and Proline Metabolism
P5CR;Arginine and Proline Metabolism
PA120abcpp;Transport, Inner Membrane
PA140abcpp;Transport, Inner Membrane
PA141abcpp;Transport, Inner Membrane
PA160abcpp;Transport, Inner Membrane
PA161abcpp;Transport, Inner Membrane
PA180abcpp;Transport, Inner Membrane
PA181abcpp;Transport, Inner Membrane
PACALDt2rpp;Transport, Inner Membrane
PACALDtex;Transport, Outer Membrane Porin
PACCOAL;Alternate Carbon Metabolism
PANTS;Cofactor and Prosthetic Group Biosynthesis
PAPA120;Glycerophospholipid Metabolism
PAPA120pp;Glycerophospholipid Metabolism
PAPA140;Glycerophospholipid Metabolism
PAPA140pp;Glycerophospholipid Metabolism
PAPA141;Glycerophospholipid Metabolism
PAPA141pp;Glycerophospholipid Metabolism
PAPA160;Glycerophospholipid Metabolism
PAPA160pp;Glycerophospholipid Metabolism
PAPA161;Glycerophospholipid Metabolism
PAPA161pp;Glycerophospholipid Metabolism
PAPA180;Glycerophospholipid Metabolism
PAPA180pp;Glycerophospholipid Metabolism
PAPA181;Glycerophospholipid Metabolism
PAPA181pp;Glycerophospholipid Metabolism
PAPPT3;Cell Envelope Biosynthesis
PAPSR;Cysteine Metabolism
PAPSR2;Cysteine Metabolism
PDE1;Nucleotide Salvage Pathway
PDH;Glycolysis/Gluconeogenesis
PDX5PO2;Cofactor and Prosthetic Group Biosynthesis
PDX5POi;Cofactor and Prosthetic Group Biosynthesis
PDX5PS;Cofactor and Prosthetic Group Biosynthesis
PDXPP;Cofactor and Prosthetic Group Biosynthesis
PE120abcpp;Transport, Inner Membrane
PE140abcpp;Transport, Inner Membrane
PE141abcpp;Transport, Inner Membrane
PE160abcpp;Transport, Inner Membrane
PE161abcpp;Transport, Inner Membrane
PE180abcpp;Transport, Inner Membrane
PE181abcpp;Transport, Inner Membrane
PEAMNOpp;Nitrogen Metabolism
PEAMNtex;Transport, Outer Membrane Porin
PERD;Cofactor and Prosthetic Group Biosynthesis
PETNT161pp;Lipopolysaccharide Biosynthesis / Recycling
PETNT181pp;Lipopolysaccharide Biosynthesis / Recycling
PFK;Glycolysis/Gluconeogenesis
PFK_2;Alternate Carbon Metabolism
PFL;Pyruvate Metabolism
PG120abcpp;Transport, Inner Membrane
PG140abcpp;Transport, Inner Membrane
PG141abcpp;Transport, Inner Membrane
PG160abcpp;Transport, Inner Membrane
PG161abcpp;Transport, Inner Membrane
PG180abcpp;Transport, Inner Membrane
PG181abcpp;Transport, Inner Membrane
PGAMT;Cell Envelope Biosynthesis
PGCD;Glycine and Serine Metabolism
PGI;Glycolysis/Gluconeogenesis
PGK;Glycolysis/Gluconeogenesis
PGL;Pentose Phosphate Pathway
PGLYCP;Alternate Carbon Metabolism
PGM;Glycolysis/Gluconeogenesis
PGMT;Alternate Carbon Metabolism
PGP120abcpp;Transport, Inner Membrane
PGP140abcpp;Transport, Inner Membrane
PGP141abcpp;Transport, Inner Membrane
PGP160abcpp;Transport, Inner Membrane
PGP161abcpp;Transport, Inner Membrane
PGP180abcpp;Transport, Inner Membrane
PGP181abcpp;Transport, Inner Membrane
PGPP120;Glycerophospholipid Metabolism
PGPP120pp;Glycerophospholipid Metabolism
PGPP140;Glycerophospholipid Metabolism
PGPP140pp;Glycerophospholipid Metabolism
PGPP141;Glycerophospholipid Metabolism
PGPP141pp;Glycerophospholipid Metabolism
PGPP160;Glycerophospholipid Metabolism
PGPP160pp;Glycerophospholipid Metabolism
PGPP161;Glycerophospholipid Metabolism
PGPP161pp;Glycerophospholipid Metabolism
PGPP180;Glycerophospholipid Metabolism
PGPP180pp;Glycerophospholipid Metabolism
PGPP181;Glycerophospholipid Metabolism
PGPP181pp;Glycerophospholipid Metabolism
PGSA120;Glycerophospholipid Metabolism
PGSA140;Glycerophospholipid Metabolism
PGSA141;Glycerophospholipid Metabolism
PGSA160;Glycerophospholipid Metabolism
PGSA161;Glycerophospholipid Metabolism
PGSA180;Glycerophospholipid Metabolism
PGSA181;Glycerophospholipid Metabolism
PHEMEabcpp;Transport, Inner Membrane
PHEMEtiex;Transport, Outer Membrane
PHETA1;Tyrosine, Tryptophan, and Phenylalanine Metabolism
PHETRS;tRNA Charging
PHEt2rpp;Transport, Inner Membrane
PHEtex;Transport, Outer Membrane Porin
PHYTSpp;Alternate Carbon Metabolism
PIt2rpp;Inorganic Ion Transport and Metabolism
PItex;Transport, Outer Membrane Porin
PIuabcpp;Inorganic Ion Transport and Metabolism
PLIPA1A120pp;Glycerophospholipid Metabolism
PLIPA1A140pp;Glycerophospholipid Metabolism
PLIPA1A141pp;Glycerophospholipid Metabolism
PLIPA1A160pp;Glycerophospholipid Metabolism
PLIPA1A161pp;Glycerophospholipid Metabolism
PLIPA1A180pp;Glycerophospholipid Metabolism
PLIPA1A181pp;Glycerophospholipid Metabolism
PLIPA1E120pp;Glycerophospholipid Metabolism
PLIPA1E140pp;Glycerophospholipid Metabolism
PLIPA1E141pp;Glycerophospholipid Metabolism
PLIPA1E160pp;Glycerophospholipid Metabolism
PLIPA1E161pp;Glycerophospholipid Metabolism
PLIPA1E180pp;Glycerophospholipid Metabolism
PLIPA1E181pp;Glycerophospholipid Metabolism
PLIPA1G120pp;Glycerophospholipid Metabolism
PLIPA1G140pp;Glycerophospholipid Metabolism
PLIPA1G141pp;Glycerophospholipid Metabolism
PLIPA1G160pp;Glycerophospholipid Metabolism
PLIPA1G161pp;Glycerophospholipid Metabolism
PLIPA1G180pp;Glycerophospholipid Metabolism
PLIPA1G181pp;Glycerophospholipid Metabolism
PLIPA2A120pp;Glycerophospholipid Metabolism
PLIPA2A140pp;Glycerophospholipid Metabolism
PLIPA2A141pp;Glycerophospholipid Metabolism
PLIPA2A160pp;Glycerophospholipid Metabolism
PLIPA2A161pp;Glycerophospholipid Metabolism
PLIPA2A180pp;Glycerophospholipid Metabolism
PLIPA2A181pp;Glycerophospholipid Metabolism
PLIPA2E120pp;Glycerophospholipid Metabolism
PLIPA2E140pp;Glycerophospholipid Metabolism
PLIPA2E141pp;Glycerophospholipid Metabolism
PLIPA2E160pp;Glycerophospholipid Metabolism
PLIPA2E161pp;Glycerophospholipid Metabolism
PLIPA2E180pp;Glycerophospholipid Metabolism
PLIPA2E181pp;Glycerophospholipid Metabolism
PLIPA2G120pp;Glycerophospholipid Metabolism
PLIPA2G140pp;Glycerophospholipid Metabolism
PLIPA2G141pp;Glycerophospholipid Metabolism
PLIPA2G160pp;Glycerophospholipid Metabolism
PLIPA2G161pp;Glycerophospholipid Metabolism
PLIPA2G180pp;Glycerophospholipid Metabolism
PLIPA2G181pp;Glycerophospholipid Metabolism
PMANM;Alternate Carbon Metabolism
PMDPHT;Cofactor and Prosthetic Group Biosynthesis
PMPK;Cofactor and Prosthetic Group Biosynthesis
PNTK;Cofactor and Prosthetic Group Biosynthesis
PNTOt4pp;Transport, Inner Membrane
PNTOtex;Transport, Outer Membrane Porin
POX;Oxidative Phosphorylation
PPA;Anaplerotic Reactions
PPA2;Anaplerotic Reactions
PPAKr;Alternate Carbon Metabolism
PPALtex;Transport, Outer Membrane Porin
PPALtpp;Transport, Inner Membrane
PPAt4pp;Transport, Inner Membrane
PPAtex;Transport, Outer Membrane Porin
PPBNGS;Cofactor and Prosthetic Group Biosynthesis
PPC;Anaplerotic Reactions
PPCDC;Cofactor and Prosthetic Group Biosynthesis
PPCK;Anaplerotic Reactions
PPCSCT;Alternate Carbon Metabolism
PPGPPDP;Cofactor and Prosthetic Group Biosynthesis
PPK2r;Oxidative Phosphorylation
PPKr;Oxidative Phosphorylation
PPM;Alternate Carbon Metabolism
PPM2;Alternate Carbon Metabolism
PPNCL2;Cofactor and Prosthetic Group Biosynthesis
PPND;Tyrosine, Tryptophan, and Phenylalanine Metabolism
PPNDH;Tyrosine, Tryptophan, and Phenylalanine Metabolism
PPPGO;Cofactor and Prosthetic Group Biosynthesis
PPPGO3;Cofactor and Prosthetic Group Biosynthesis
PPPNDO;Alternate Carbon Metabolism
PPPNt2rpp;Transport, Inner Membrane
PPPNtex;Transport, Outer Membrane Porin
PPS;Glycolysis/Gluconeogenesis
PPTHpp;Unassigned
PPTtex;Transport, Outer Membrane Porin
PRAGSr;Purine and Pyrimidine Biosynthesis
PRAIS;Purine and Pyrimidine Biosynthesis
PRAIi;Tyrosine, Tryptophan, and Phenylalanine Metabolism
PRAMPC;Histidine Metabolism
PRASCS;Purine and Pyrimidine Biosynthesis
PRATPP;Histidine Metabolism
PRFGS;Purine and Pyrimidine Biosynthesis
PRMICI;Histidine Metabolism
PROD2;Arginine and Proline Metabolism
PROGLYabcpp;Transport, Inner Membrane
PROGLYtex;Transport, Outer Membrane Porin
PROTRS;tRNA Charging
PROabcpp;Transport, Inner Membrane
PROt2rpp;Transport, Inner Membrane
PROt4pp;Transport, Inner Membrane
PROtex;Transport, Outer Membrane Porin
PRPPS;Histidine Metabolism
PSCLYSt2pp;Transport, Inner Membrane
PSCLYStex;Transport, Outer Membrane Porin
PSCVT;Tyrosine, Tryptophan, and Phenylalanine Metabolism
PSD120;Glycerophospholipid Metabolism
PSD140;Glycerophospholipid Metabolism
PSD141;Glycerophospholipid Metabolism
PSD160;Glycerophospholipid Metabolism
PSD161;Glycerophospholipid Metabolism
PSD180;Glycerophospholipid Metabolism
PSD181;Glycerophospholipid Metabolism
PSERT;Glycine and Serine Metabolism
PSERtex;Transport, Outer Membrane Porin
PSP_L;Glycine and Serine Metabolism
PSP_Lpp;Glycine and Serine Metabolism
PSSA120;Glycerophospholipid Metabolism
PSSA140;Glycerophospholipid Metabolism
PSSA141;Glycerophospholipid Metabolism
PSSA160;Glycerophospholipid Metabolism
PSSA161;Glycerophospholipid Metabolism
PSSA180;Glycerophospholipid Metabolism
PSSA181;Glycerophospholipid Metabolism
PTA2;Alternate Carbon Metabolism
PTAr;Pyruvate Metabolism
PTHRpp;Threonine and Lysine Metabolism
PTPATi;Cofactor and Prosthetic Group Biosynthesis
PTRCORNt7pp;Transport, Inner Membrane
PTRCTA;Arginine and Proline Metabolism
PTRCabcpp;Transport, Inner Membrane
PTRCt2pp;Transport, Inner Membrane
PTRCtex;Transport, Outer Membrane Porin
PUNP1;Nucleotide Salvage Pathway
PUNP2;Nucleotide Salvage Pathway
PUNP3;Nucleotide Salvage Pathway
PUNP4;Nucleotide Salvage Pathway
PUNP5;Nucleotide Salvage Pathway
PUNP6;Nucleotide Salvage Pathway
PUNP7;Nucleotide Salvage Pathway
PYAM5PO;Cofactor and Prosthetic Group Biosynthesis
PYDAMK;Cofactor and Prosthetic Group Biosynthesis
PYDXK;Cofactor and Prosthetic Group Biosynthesis
PYDXNK;Cofactor and Prosthetic Group Biosynthesis
PYDXPP;Cofactor and Prosthetic Group Biosynthesis
PYK;Glycolysis/Gluconeogenesis
PYNP2r;Nucleotide Salvage Pathway
PYRt2rpp;Transport, Inner Membrane
PYRtex;Transport, Outer Membrane Porin
QMO2;Oxidative Phosphorylation
QMO3;Oxidative Phosphorylation
QULNS;Cofactor and Prosthetic Group Biosynthesis
R15BPK;Alternate Carbon Metabolism
R1PK;Alternate Carbon Metabolism
R5PP;Alternate Carbon Metabolism
R5PPpp;Alternate Carbon Metabolism
R5Ptex;Transport, Outer Membrane Porin
RBFK;Cofactor and Prosthetic Group Biosynthesis
RBFSa;Cofactor and Prosthetic Group Biosynthesis
RBFSb;Cofactor and Prosthetic Group Biosynthesis
RBK;Alternate Carbon Metabolism
RBK_L1;Alternate Carbon Metabolism
RBP4E;Alternate Carbon Metabolism
RHAT1;Lipopolysaccharide Biosynthesis / Recycling
RHCCE;Methionine Metabolism
RIBabcpp;Transport, Inner Membrane
RIBtex;Transport, Outer Membrane Porin
RMI;Alternate Carbon Metabolism
RMK;Alternate Carbon Metabolism
RMNtex;Transport, Outer Membrane Porin
RMNtpp;Transport, Inner Membrane
RMPA;Alternate Carbon Metabolism
RNDR1;Nucleotide Salvage Pathway
RNDR1b;Nucleotide Salvage Pathway
RNDR2;Nucleotide Salvage Pathway
RNDR2b;Nucleotide Salvage Pathway
RNDR3;Nucleotide Salvage Pathway
RNDR3b;Nucleotide Salvage Pathway
RNDR4;Nucleotide Salvage Pathway
RNDR4b;Nucleotide Salvage Pathway
RNTR1c;Nucleotide Salvage Pathway
RNTR2c;Nucleotide Salvage Pathway
RNTR3c;Nucleotide Salvage Pathway
RNTR4c;Nucleotide Salvage Pathway
RPE;Pentose Phosphate Pathway
RPI;Pentose Phosphate Pathway
RZ5PP;Cofactor and Prosthetic Group Biosynthesis
S7PI;Lipopolysaccharide Biosynthesis / Recycling
SADH;Arginine and Proline Metabolism
SADT2;Cysteine Metabolism
SARCOX;Glycine and Serine Metabolism
SBTPD;Alternate Carbon Metabolism
SBTptspp;Transport, Inner Membrane
SBTtex;Transport, Outer Membrane Porin
SDPDS;Threonine and Lysine Metabolism
SDPTA;Threonine and Lysine Metabolism
SELCYSS;tRNA Charging
SELNPS;Unassigned
SERASr;Cofactor and Prosthetic Group Biosynthesis
SERAT;Cysteine Metabolism
SERD_D;Glycine and Serine Metabolism
SERD_L;Glycine and Serine Metabolism
SERTRS;tRNA Charging
SERTRS2;tRNA Charging
SERt2rpp;Transport, Inner Membrane
SERt4pp;Transport, Inner Membrane
SERtex;Transport, Outer Membrane Porin
SFGTHi;Cofactor and Prosthetic Group Biosynthesis
SGDS;Arginine and Proline Metabolism
SGSAD;Arginine and Proline Metabolism
SHCHCS2;Cofactor and Prosthetic Group Biosynthesis
SHCHD2;Cofactor and Prosthetic Group Biosynthesis
SHCHF;Cofactor and Prosthetic Group Biosynthesis
SHK3Dr;Tyrosine, Tryptophan, and Phenylalanine Metabolism
SHKK;Tyrosine, Tryptophan, and Phenylalanine Metabolism
SHSL1;Methionine Metabolism
SKMt2pp;Transport, Inner Membrane
SKMtex;Transport, Outer Membrane Porin
SO2tex;Transport, Outer Membrane Porin
SO2tpp;Inorganic Ion Transport and Metabolism
SO3tex;Transport, Outer Membrane Porin
SO4tex;Transport, Outer Membrane Porin
SOTA;Arginine and Proline Metabolism
SPMDAT1;Arginine and Proline Metabolism
SPMDAT2;Arginine and Proline Metabolism
SPMDabcpp;Transport, Inner Membrane
SPMDtex;Transport, Outer Membrane Porin
SPMS;Arginine and Proline Metabolism
SPODM;Unassigned
SPODMpp;Unassigned
SSALx;Arginine and Proline Metabolism
SSALy;Arginine and Proline Metabolism
SUCBZL;Cofactor and Prosthetic Group Biosynthesis
SUCBZS;Cofactor and Prosthetic Group Biosynthesis
SUCCt2_2pp;Transport, Inner Membrane
SUCCt2_3pp;Transport, Inner Membrane
SUCCt3pp;Transport, Inner Membrane
SUCCtex;Transport, Outer Membrane Porin
SUCDi;Oxidative Phosphorylation
SUCFUMtpp;Transport, Inner Membrane
SUCOAS;Citric Acid Cycle
SUCRtex;Transport, Outer Membrane Porin
SUCptspp;Transport, Inner Membrane
SULFACabcpp;Transport, Inner Membrane
SULFACtex;Transport, Outer Membrane Porin
SULRi;Cysteine Metabolism
SULabcpp;Inorganic Ion Transport and Metabolism
T2DECAI;Cell Envelope Biosynthesis
TAGURr;Alternate Carbon Metabolism
TALA;Pentose Phosphate Pathway
TARTD;Alternate Carbon Metabolism
TARTRt7pp;Transport, Inner Membrane
TARTRtex;Transport, Outer Membrane Porin
TAUDO;Alternate Carbon Metabolism
TAURabcpp;Transport, Inner Membrane
TAURtex;Transport, Outer Membrane Porin
TCYNTtex;Transport, Outer Membrane Porin
TDECOAI;Membrane Lipid Metabolism
TDP;Cofactor and Prosthetic Group Biosynthesis
TDPADGAT;Cell Envelope Biosynthesis
TDPAGTA;Cell Envelope Biosynthesis
TDPDRE;Cell Envelope Biosynthesis
TDPDRR;Cell Envelope Biosynthesis
TDPGDH;Cell Envelope Biosynthesis
TDSK;Lipopolysaccharide Biosynthesis / Recycling
TDSR1;Transport, Inner Membrane
TDSR2;Transport, Inner Membrane
TGBPA;Alternate Carbon Metabolism
THD2pp;Oxidative Phosphorylation
THDPS;Threonine and Lysine Metabolism
THIORDXi;Unassigned
THMDt2pp;Transport, Inner Membrane
THMDt2rpp;Transport, Inner Membrane
THMDtex;Transport, Outer Membrane Porin
THMabcpp;Transport, Inner Membrane
THMtex;Transport, Outer Membrane Porin
THRA2i;Threonine and Lysine Metabolism
THRAi;Threonine and Lysine Metabolism
THRD;Glycine and Serine Metabolism
THRD_L;Valine, Leucine, and Isoleucine Metabolism
THRPtex;Transport, Outer Membrane Porin
THRS;Threonine and Lysine Metabolism
THRTRS;tRNA Charging
THRabcpp;Transport, Inner Membrane
THRt2pp;Transport, Inner Membrane
THRt2rpp;Transport, Inner Membrane
THRt4pp;Transport, Inner Membrane
THRtex;Transport, Outer Membrane Porin
THYMt3pp;Transport, Inner Membrane
THYMtex;Transport, Outer Membrane Porin
THZPSN;Cofactor and Prosthetic Group Biosynthesis
TKT1;Pentose Phosphate Pathway
TKT2;Pentose Phosphate Pathway
TMAOR1;Oxidative Phosphorylation
TMAOR1pp;Oxidative Phosphorylation
TMAOR2;Oxidative Phosphorylation
TMAOR2pp;Oxidative Phosphorylation
TMAOtex;Transport, Outer Membrane Porin
TMAtex;Transport, Outer Membrane Porin
TMDK1;Nucleotide Salvage Pathway
TMDPP;Nucleotide Salvage Pathway
TMDS;Nucleotide Salvage Pathway
TMK;Cofactor and Prosthetic Group Biosynthesis
TMPK;Cofactor and Prosthetic Group Biosynthesis
TMPPP;Cofactor and Prosthetic Group Biosynthesis
TPI;Glycolysis/Gluconeogenesis
TPRDCOAS;Cofactor and Prosthetic Group Biosynthesis
TRDR;Oxidative Phosphorylation
TRE6PH;Alternate Carbon Metabolism
TRE6PP;Alternate Carbon Metabolism
TRE6PS;Alternate Carbon Metabolism
TREH;Alternate Carbon Metabolism
TREHpp;Alternate Carbon Metabolism
TREptspp;Transport, Inner Membrane
TREtex;Transport, Outer Membrane Porin
TRPAS2;Tyrosine, Tryptophan, and Phenylalanine Metabolism
TRPS1;Tyrosine, Tryptophan, and Phenylalanine Metabolism
TRPS2;Tyrosine, Tryptophan, and Phenylalanine Metabolism
TRPS3;Tyrosine, Tryptophan, and Phenylalanine Metabolism
TRPTRS;tRNA Charging
TRPt2rpp;Transport, Inner Membrane
TRPtex;Transport, Outer Membrane Porin
TRSARr;Alternate Carbon Metabolism
TSULabcpp;Inorganic Ion Transport and Metabolism
TSULtex;Transport, Outer Membrane Porin
TTDCAtexi;Transport, Outer Membrane
TTDCEAtexi;Transport, Outer Membrane
TUNGSabcpp;Inorganic Ion Transport and Metabolism
TUNGStex;Transport, Outer Membrane Porin
TYMtex;Transport, Outer Membrane Porin
TYROXDApp;Nitrogen Metabolism
TYRPpp;Tyrosine, Tryptophan, and Phenylalanine Metabolism
TYRPtex;Transport, Outer Membrane Porin
TYRTA;Tyrosine, Tryptophan, and Phenylalanine Metabolism
TYRTRS;tRNA charging
TYRt2rpp;Transport, Inner Membrane
TYRtex;Transport, Outer Membrane Porin
U23GAAT;Lipopolysaccharide Biosynthesis / Recycling
UAAGDS;Cell Envelope Biosynthesis
UACGALPpp;Alternate Carbon Metabolism
UACGAMPpp;Alternate Carbon Metabolism
UACGAMtex;Transport, Outer Membrane Porin
UACMAMO;Cell Envelope Biosynthesis
UAG2E;Cell Envelope Biosynthesis
UAGAAT;Lipopolysaccharide Biosynthesis / Recycling
UAGCVT;Cell Envelope Biosynthesis
UAGDP;Cell Envelope Biosynthesis
UAGPT3;Cell Envelope Biosynthesis
UAMAGS;Cell Envelope Biosynthesis
UAMAS;Cell Envelope Biosynthesis
UAPGR;Cell Envelope Biosynthesis
UDCPDP;Cell Envelope Biosynthesis
UDCPDPS;Cofactor and Prosthetic Group Biosynthesis
UDCPDPpp;Cell Envelope Biosynthesis
UDCPPtppi;Lipopolysaccharide Biosynthesis / Recycling
UDPACGALtex;Transport, Outer Membrane Porin
UDPG4E;Alternate Carbon Metabolism
UDPGALM;Cell Envelope Biosynthesis
UDPGALPpp;Alternate Carbon Metabolism
UDPGALtex;Transport, Outer Membrane Porin
UDPGD;Cell Envelope Biosynthesis
UDPGDC;Lipopolysaccharide Biosynthesis / Recycling
UDPGLCURtex;Transport, Outer Membrane Porin
UDPGPpp;Alternate Carbon Metabolism
UDPGtex;Transport, Outer Membrane Porin
UDPKAAT;Lipopolysaccharide Biosynthesis / Recycling
UGLCURPpp;Alternate Carbon Metabolism
UGLT;Alternate Carbon Metabolism
UGLYCH;Nitrogen Metabolism
UGMDDS;Cell Envelope Biosynthesis
UHGADA;Lipopolysaccharide Biosynthesis / Recycling
ULA4NFT;Lipopolysaccharide Biosynthesis / Recycling
ULA4Ntppi;Lipopolysaccharide Biosynthesis / Recycling
UM3PL;Murein Recycling
UM4PCP;Murein Recycling
UM4PL;Murein Recycling
UMPK;Nucleotide Salvage Pathway
UMPtex;Transport, Outer Membrane Porin
UNK3;Arginine and Proline Metabolism
UPLA4FNF;Lipopolysaccharide Biosynthesis / Recycling
UPLA4FNT;Lipopolysaccharide Biosynthesis / Recycling
UPP3MT;Cofactor and Prosthetic Group Biosynthesis
UPP3S;Cofactor and Prosthetic Group Biosynthesis
UPPDC1;Cofactor and Prosthetic Group Biosynthesis
UPPRT;Nucleotide Salvage Pathway
URAt2pp;Transport, Inner Membrane
URAt2rpp;Transport, Inner Membrane
URAtex;Transport, Outer Membrane Porin
URDGLYCD;Alternate Carbon Metabolism
UREAtex;Transport, Outer Membrane Porin
UREAtpp;Transport, Inner Membrane
URIC;Unassigned
URIDK2r;Nucleotide Salvage Pathway
URIH;Alternate Carbon Metabolism
URIK2;Nucleotide Salvage Pathway
URIt2pp;Transport, Inner Membrane
URIt2rpp;Transport, Inner Membrane
URItex;Transport, Outer Membrane
USHD;Lipopolysaccharide Biosynthesis / Recycling
VALTA;Valine, Leucine, and Isoleucine Metabolism
VALTRS;tRNA charging
VALabcpp;Transport, Inner Membrane
VALt2rpp;Transport, Inner Membrane
VALtex;Transport, Outer Membrane Porin
VPAMT;Alanine and Aspartate Metabolism
X5PL3E;Alternate Carbon Metabolism
XAND;Nucleotide Salvage Pathway
XANt2pp;Transport, Inner Membrane
XANtex;Transport, Outer Membrane Porin
XANtpp;Transport, Inner Membrane
XMPtex;Transport, Outer Membrane Porin
XPPT;Nucleotide Salvage Pathway
XTSNH;Nucleotide Salvage Pathway
XTSNt2rpp;Transport, Inner Membrane
XTSNtex;Transport, Outer Membrane Porin
XYLI1;Alternate Carbon Metabolism
XYLI2;Alternate Carbon Metabolism
XYLK;Alternate Carbon Metabolism
XYLK2;Alternate Carbon Metabolism
XYLUt2pp;Transport, Inner Membrane
XYLUtex;Transport, Outer Membrane Porin
XYLabcpp;Transport, Inner Membrane
XYLt2pp;Transport, Inner Membrane
XYLtex;Transport, Outer Membrane Porin
ZN2abcpp;Inorganic Ion Transport and Metabolism
ZN2t3pp;Inorganic Ion Transport and Metabolism
ZN2tpp;Inorganic Ion Transport and Metabolism
ZNabcpp;Inorganic Ion Transport and Metabolism
Zn2tex;Transport, Outer Membrane Porin
